leg_id,passenger_id,pnr_locator,ticket_id,price,cabin_class
70002992,PAX582381417,LOC1297177630, TIC1302517900,275.0,E
70002992,PAX1328580427,LOC1297177630, TIC721994744,275.0,E
70002992,PAX189300479,LOC1297177630, TIC821245836,275.0,E
70002992,PAX1398779817,LOC1100232554, TIC832876973,275.0,E
70002992,PAX1753354671,LOC1100232554, TIC881733858,275.0,E
70002992,PAX1560341751,LOC1100232554, TIC197935063,275.0,E
70002992,PAX780988223,LOC1100232554, TIC525489718,275.0,E
70002992,PAX1905981169,LOC1100232554, TIC263682741,275.0,E
70002992,PAX1765052137,LOC1100232554, TIC1689820537,275.0,E
70002992,PAX50381219,LOC1100232554, TIC579533408,275.0,E
70002992,PAX944631007,LOC1100232554, TIC566152911,275.0,E
70002992,PAX1903848517,LOC1100232554, TIC426988335,275.0,E
70002992,PAX936795281,LOC1100232554, TIC553333318,275.0,E
70002992,PAX1298020846,LOC1100232554, TIC1599542240,275.0,E
70002992,PAX1380021251,LOC1100232554, TIC604415801,275.0,E
70002992,PAX110128329,LOC1100232554, TIC1357628818,275.0,E
70002992,PAX641474065,LOC1100232554, TIC702796383,275.0,E
70002992,PAX886745687,LOC1100232554, TIC1788658434,275.0,E
70002999,PAX786625142,LOC1688505566, TIC27840877,275.0,E
70002999,PAX895620135,LOC1688505566, TIC396291271,275.0,E
70002999,PAX169112786,LOC1688505566, TIC287690793,275.0,E
70002999,PAX1275067639,LOC1688505566, TIC1840626851,275.0,E
70002999,PAX716897846,LOC1688505566, TIC152080585,275.0,E
70002999,PAX1997845353,LOC1688505566, TIC159692387,275.0,E
70002999,PAX701308158,LOC1688505566, TIC445067437,275.0,E
70003008,PAX2143258203,LOC672480120, TIC400134597,275.0,E
70002970,PAX2072323914,LOC1947988053, TIC1009750253,200.0,E
70002970,PAX390208679,LOC1947988053, TIC2066732486,200.0,E
70002970,PAX715131756,LOC1947988053, TIC774933559,200.0,E
70002970,PAX2117219319,LOC1947988053, TIC1842836236,200.0,E
70002970,PAX799303443,LOC1947988053, TIC338066367,200.0,E
70002970,PAX398318016,LOC1947988053, TIC290376706,200.0,E
70002970,PAX1211899007,LOC1947988053, TIC46065287,200.0,E
70002970,PAX274166004,LOC1947988053, TIC493885498,200.0,E
70002970,PAX1583982530,LOC1947988053, TIC1983316434,200.0,E
70002970,PAX1066001738,LOC1947988053, TIC97844316,200.0,E
70002970,PAX1882148466,LOC1947988053, TIC233327132,200.0,E
70002970,PAX1656772941,LOC1947988053, TIC173989052,200.0,E
70002970,PAX1148300261,LOC1947988053, TIC1332215144,200.0,E
70002970,PAX503638972,LOC1947988053, TIC1117837350,200.0,E
70002970,PAX1967637800,LOC1947988053, TIC1299520319,200.0,E
70002970,PAX205294116,LOC1947988053, TIC24360622,200.0,E
70002970,PAX1113060571,LOC1947988053, TIC1769261149,200.0,E
70002970,PAX1166961728,LOC1947988053, TIC633352711,200.0,E
70002970,PAX317899198,LOC1947988053, TIC1555970327,200.0,E
70002970,PAX1404363219,LOC1947988053, TIC2106845435,200.0,E
70002970,PAX1532137903,LOC1947988053, TIC1688464022,200.0,E
70002970,PAX1912323080,LOC1947988053, TIC1559977166,200.0,E
70002970,PAX825511430,LOC1947988053, TIC1211092234,200.0,E
70002970,PAX1964005658,LOC1947988053, TIC1766435125,200.0,E
70002970,PAX2084692272,LOC1947988053, TIC918843279,200.0,E
70002970,PAX1856785598,LOC1947988053, TIC1595886265,200.0,E
70002970,PAX610974709,LOC1947988053, TIC1706311697,200.0,E
70002970,PAX1662681184,LOC1947988053, TIC856130740,200.0,E
70002970,PAX87370866,LOC1947988053, TIC1850606666,200.0,E
70002970,PAX620683356,LOC1947988053, TIC379597871,200.0,E
70002970,PAX695233224,LOC1947988053, TIC336463905,200.0,E
70002970,PAX1777381339,LOC1947988053, TIC797235951,200.0,E
70002970,PAX1759591607,LOC1947988053, TIC1811872488,200.0,E
70002970,PAX936072493,LOC1947988053, TIC2104169278,200.0,E
70002970,PAX328762780,LOC486450440, TIC344937694,275.0,E
70002970,PAX1522603155,LOC486450440, TIC301438942,275.0,E
70002970,PAX1405238229,LOC486450440, TIC1336713604,275.0,E
70002970,PAX429830755,LOC486450440, TIC733754490,275.0,E
70002970,PAX1607569057,LOC486450440, TIC1219212017,275.0,E
70002970,PAX1350852311,LOC486450440, TIC1144636077,275.0,E
70002970,PAX30708302,LOC486450440, TIC1954993560,275.0,E
70002970,PAX1413900850,LOC486450440, TIC900767556,275.0,E
70002970,PAX483203391,LOC486450440, TIC447313075,275.0,E
70002970,PAX900176819,LOC486450440, TIC1282767933,275.0,E
70002970,PAX44149717,LOC486450440, TIC486624469,275.0,E
70002970,PAX282798434,LOC486450440, TIC1243348687,275.0,E
70002970,PAX1003062252,LOC762758096, TIC1506985657,200.0,E
70002970,PAX2099074001,LOC762758096, TIC240604605,200.0,E
70002970,PAX134079770,LOC762758096, TIC1100889324,200.0,E
70002970,PAX1830634903,LOC762758096, TIC132932908,200.0,E
70002970,PAX1208502662,LOC762758096, TIC1185549830,200.0,E
70002970,PAX916099614,LOC762758096, TIC122830620,200.0,E
70002970,PAX1567109707,LOC762758096, TIC470223138,200.0,E
70002970,PAX1586713011,LOC762758096, TIC1219268637,200.0,E
70002970,PAX95796407,LOC762758096, TIC528146386,200.0,E
70002970,PAX333396961,LOC762758096, TIC1163114971,200.0,E
70002970,PAX666984441,LOC762758096, TIC710141726,200.0,E
70002970,PAX57205933,LOC762758096, TIC2040656168,200.0,E
70002970,PAX1132693416,LOC762758096, TIC603392739,200.0,E
70002970,PAX281089769,LOC762758096, TIC1971947934,200.0,E
70002970,PAX1733145063,LOC762758096, TIC1912705634,200.0,E
70002970,PAX201488068,LOC762758096, TIC1825702657,200.0,E
70002970,PAX373283408,LOC762758096, TIC1689340521,200.0,E
70002970,PAX1607259306,LOC762758096, TIC361648391,200.0,E
70002970,PAX2090088090,LOC77467760, TIC1114913257,275.0,E
70002970,PAX811910277,LOC77467760, TIC643639445,275.0,E
70002970,PAX1393292201,LOC77467760, TIC1482756724,275.0,E
70002970,PAX1270945926,LOC77467760, TIC1585343484,275.0,E
70002970,PAX797482846,LOC77467760, TIC164497213,275.0,E
70002970,PAX2047930506,LOC77467760, TIC2083381899,275.0,E
70002970,PAX1232660533,LOC77467760, TIC51921444,275.0,E
70002970,PAX1400808626,LOC1869025146, TIC319336846,275.0,E
70002970,PAX2053915996,LOC1869025146, TIC462822114,275.0,E
70002970,PAX1008574474,LOC1869025146, TIC286735161,275.0,E
70002970,PAX1776760656,LOC1869025146, TIC245367312,275.0,E
70002970,PAX2035472545,LOC1869025146, TIC1129479968,275.0,E
70002970,PAX2121495311,LOC1869025146, TIC2687479,275.0,E
70002970,PAX499007099,LOC1869025146, TIC548488346,275.0,E
70002970,PAX1669359544,LOC1869025146, TIC1931847492,275.0,E
70002970,PAX367584880,LOC1869025146, TIC628364426,275.0,E
70002970,PAX1050647392,LOC1869025146, TIC608869477,275.0,E
70002970,PAX1131470388,LOC1741528947, TIC1928624081,275.0,E
70002970,PAX854978596,LOC1741528947, TIC1269107603,275.0,E
70002970,PAX1700068153,LOC1741528947, TIC482628259,275.0,E
70002970,PAX373659031,LOC1741528947, TIC836755670,275.0,E
70002970,PAX1284906443,LOC1741528947, TIC1331602130,275.0,E
70002970,PAX981483408,LOC1741528947, TIC1926259473,275.0,E
70002970,PAX1786309976,LOC1741528947, TIC2106900636,275.0,E
70002970,PAX2007022302,LOC1741528947, TIC323336456,275.0,E
70002970,PAX184361525,LOC1741528947, TIC887263772,275.0,E
70002970,PAX106288690,LOC1741528947, TIC724650327,275.0,E
70002970,PAX876090515,LOC1519027588, TIC939381160,512.5,E
70002970,PAX1409775224,LOC1519027588, TIC2136304181,512.5,E
70002970,PAX430446243,LOC1519027588, TIC1251056230,512.5,E
70002970,PAX726022678,LOC1519027588, TIC29774161,512.5,E
70002970,PAX1456527290,LOC1519027588, TIC343223465,512.5,E
70002970,PAX953720798,LOC1519027588, TIC920961994,512.5,E
70002970,PAX1123349226,LOC1519027588, TIC1794865904,512.5,E
70002970,PAX1901590955,LOC1519027588, TIC1998139791,512.5,E
70002970,PAX1380766684,LOC1519027588, TIC2099117955,512.5,E
70002970,PAX1027204988,LOC1519027588, TIC24088743,512.5,E
70002970,PAX1340400129,LOC1519027588, TIC1053830800,512.5,E
70002970,PAX134749133,LOC1519027588, TIC766954115,512.5,E
70002970,PAX1096002463,LOC1519027588, TIC1603395158,512.5,E
70002970,PAX734245933,LOC1519027588, TIC588882766,512.5,E
70002970,PAX1161423068,LOC1519027588, TIC490810981,512.5,E
70002970,PAX531041274,LOC1519027588, TIC1311169985,512.5,E
70002970,PAX1540071219,LOC1519027588, TIC153111521,512.5,E
70002975,PAX913285699,LOC855215186, TIC1107380191,175.0,E
70002975,PAX385574921,LOC855215186, TIC1497229440,175.0,E
70002975,PAX1697688721,LOC855215186, TIC793143524,175.0,E
70002975,PAX1091152578,LOC855215186, TIC1229225608,175.0,E
70002975,PAX1432039782,LOC855215186, TIC37392771,175.0,E
70002975,PAX64445240,LOC855215186, TIC597725217,175.0,E
70002975,PAX1346351870,LOC855215186, TIC2111713446,175.0,E
70002975,PAX1137805455,LOC855215186, TIC42178359,175.0,E
70002975,PAX734019324,LOC855215186, TIC1348012882,175.0,E
70002975,PAX1863931562,LOC855215186, TIC791497607,175.0,E
70002975,PAX2090706933,LOC855215186, TIC133535949,175.0,E
70002975,PAX292176486,LOC855215186, TIC1918731308,175.0,E
70002975,PAX2141369530,LOC855215186, TIC928347671,175.0,E
70002975,PAX896628046,LOC855215186, TIC1365982929,175.0,E
70002975,PAX140525110,LOC855215186, TIC606476407,175.0,E
70002975,PAX1042213481,LOC855215186, TIC1623619927,175.0,E
70002975,PAX1677027711,LOC855215186, TIC64412975,175.0,E
70002975,PAX623936119,LOC855215186, TIC825378143,175.0,E
70002975,PAX590409232,LOC855215186, TIC555226476,175.0,E
70002975,PAX1325460350,LOC855215186, TIC1385775113,175.0,E
70002975,PAX1484987617,LOC855215186, TIC946250387,175.0,E
70002975,PAX2000426512,LOC855215186, TIC157888008,175.0,E
70002975,PAX1983739981,LOC855215186, TIC664229507,175.0,E
70002975,PAX1064104348,LOC855215186, TIC596632595,175.0,E
70002975,PAX1010461220,LOC855215186, TIC2007307193,175.0,E
70002975,PAX107827386,LOC855215186, TIC757293205,175.0,E
70002975,PAX415613513,LOC855215186, TIC1614777856,175.0,E
70002975,PAX1088455194,LOC855215186, TIC464981706,175.0,E
70002975,PAX453393187,LOC855215186, TIC1132574772,175.0,E
70002975,PAX1813498078,LOC855215186, TIC660792726,175.0,E
70002975,PAX2028397915,LOC855215186, TIC1109896209,175.0,E
70002975,PAX584093514,LOC855215186, TIC1048021619,175.0,E
70002975,PAX768211010,LOC855215186, TIC1638213000,175.0,E
70002975,PAX1857135645,LOC855215186, TIC1857844758,175.0,E
70002975,PAX65823322,LOC855215186, TIC188633355,175.0,E
70002975,PAX1798738958,LOC855215186, TIC1931863840,175.0,E
70002975,PAX1738710930,LOC855215186, TIC1168293347,175.0,E
70002975,PAX677390061,LOC855215186, TIC1218420228,175.0,E
70002975,PAX1341908066,LOC855215186, TIC2017038765,175.0,E
70002975,PAX939363486,LOC855215186, TIC734764119,175.0,E
70002975,PAX1608774752,LOC855215186, TIC2084324759,175.0,E
70002975,PAX1293882167,LOC855215186, TIC531842225,175.0,E
70002975,PAX2125236465,LOC855215186, TIC456753850,175.0,E
70002975,PAX1418017153,LOC855215186, TIC1234835962,175.0,E
70002975,PAX833984102,LOC855215186, TIC2068701416,175.0,E
70002975,PAX466104073,LOC855215186, TIC2124495662,175.0,E
70002975,PAX1568545536,LOC34390628, TIC142541799,225.0,E
70002975,PAX175536712,LOC34390628, TIC242721739,225.0,E
70002975,PAX550907556,LOC34390628, TIC1006037241,225.0,E
70002975,PAX1389160968,LOC34390628, TIC1510181700,225.0,E
70002975,PAX1313249495,LOC34390628, TIC920388199,225.0,E
70002975,PAX979497672,LOC34390628, TIC157167388,225.0,E
70002975,PAX621481456,LOC34390628, TIC1035249145,225.0,E
70002975,PAX388141369,LOC34390628, TIC95246188,225.0,E
70002975,PAX1571308837,LOC34390628, TIC572617901,225.0,E
70002975,PAX1561200842,LOC34390628, TIC1915953889,225.0,E
70002975,PAX809046502,LOC34390628, TIC1703422509,225.0,E
70002975,PAX511408298,LOC34390628, TIC1203798700,225.0,E
70002975,PAX483941112,LOC34390628, TIC1642946071,225.0,E
70002975,PAX1777952520,LOC1117871976, TIC1006209668,175.0,E
70002975,PAX1922416976,LOC1117871976, TIC1656480242,175.0,E
70002975,PAX628695241,LOC1117871976, TIC2035911738,175.0,E
70002975,PAX1664938475,LOC1117871976, TIC1275701385,175.0,E
70002975,PAX835174636,LOC1117871976, TIC930748057,175.0,E
70002975,PAX1909959830,LOC1117871976, TIC426231043,175.0,E
70002975,PAX2010963669,LOC1117871976, TIC894322430,175.0,E
70002975,PAX1176479828,LOC1117871976, TIC1264986087,175.0,E
70002975,PAX993567962,LOC1117871976, TIC462659190,175.0,E
70002975,PAX1722295462,LOC1117871976, TIC2045280811,175.0,E
70002975,PAX1665490836,LOC1117871976, TIC2125648665,175.0,E
70002975,PAX2108573003,LOC940639337, TIC1270243626,225.0,E
70002975,PAX341706823,LOC940639337, TIC758907192,225.0,E
70002975,PAX1703733368,LOC940639337, TIC7304061,225.0,E
70002975,PAX562096988,LOC940639337, TIC1824866205,225.0,E
70002975,PAX936627867,LOC1423959930, TIC2131798859,275.0,E
70002975,PAX273017639,LOC1423959930, TIC1372263207,275.0,E
70002975,PAX705793415,LOC1423959930, TIC324456431,275.0,E
70002975,PAX2116928241,LOC1423959930, TIC2085644011,275.0,E
70002975,PAX858659445,LOC1423959930, TIC1667811448,275.0,E
70002975,PAX1768644664,LOC1423959930, TIC1748354711,275.0,E
70002975,PAX1345230761,LOC1309751128, TIC611958888,275.0,E
70002975,PAX968909560,LOC1309751128, TIC948546482,275.0,E
70002975,PAX162575442,LOC1309751128, TIC303052331,275.0,E
70002975,PAX832848000,LOC1309751128, TIC431742864,275.0,E
70002975,PAX1045814134,LOC1309751128, TIC1884423458,275.0,E
70002975,PAX1846194066,LOC1309751128, TIC932235571,275.0,E
70002982,PAX1004951171,LOC1920299949, TIC870163488,200.0,E
70002982,PAX441341114,LOC1920299949, TIC954110874,200.0,E
70002982,PAX1893172541,LOC1920299949, TIC1657471644,200.0,E
70002982,PAX1354030341,LOC1920299949, TIC1386009911,200.0,E
70002982,PAX298796156,LOC1920299949, TIC1371353056,200.0,E
70002982,PAX1201465252,LOC1920299949, TIC1548229321,200.0,E
70002982,PAX602948198,LOC1920299949, TIC146316914,200.0,E
70002982,PAX1914859901,LOC1920299949, TIC858731559,200.0,E
70002982,PAX2025307291,LOC1920299949, TIC1699891234,200.0,E
70002982,PAX1075743090,LOC1920299949, TIC567080160,200.0,E
70002982,PAX1886831146,LOC1920299949, TIC705488851,200.0,E
70002982,PAX2025051488,LOC1920299949, TIC1574029847,200.0,E
70002982,PAX2068490206,LOC1920299949, TIC1297196841,200.0,E
70002982,PAX374995948,LOC1920299949, TIC1450049734,200.0,E
70002982,PAX498159259,LOC1920299949, TIC1911375318,200.0,E
70002982,PAX249601894,LOC1920299949, TIC1567566003,200.0,E
70002982,PAX804293902,LOC1920299949, TIC665224030,200.0,E
70002982,PAX2021585112,LOC1920299949, TIC477660569,200.0,E
70002982,PAX299284835,LOC1920299949, TIC1657940178,200.0,E
70002982,PAX780490197,LOC1920299949, TIC903404618,200.0,E
70002982,PAX1070500083,LOC1920299949, TIC740735254,200.0,E
70002982,PAX203757616,LOC1920299949, TIC1565267743,200.0,E
70002982,PAX352838855,LOC1920299949, TIC1791818057,200.0,E
70002982,PAX720626927,LOC1920299949, TIC200411179,200.0,E
70002982,PAX1005599854,LOC1920299949, TIC656101565,200.0,E
70002982,PAX383484382,LOC1920299949, TIC192135613,200.0,E
70002982,PAX1868519991,LOC1920299949, TIC2110127951,200.0,E
70002982,PAX1745355661,LOC1920299949, TIC1126434587,200.0,E
70002982,PAX384518739,LOC1920299949, TIC1185776732,200.0,E
70002982,PAX51554474,LOC1920299949, TIC1776886456,200.0,E
70002982,PAX11096513,LOC1920299949, TIC244371946,200.0,E
70002982,PAX417285210,LOC1920299949, TIC1784234601,200.0,E
70002982,PAX113938543,LOC1920299949, TIC622085088,200.0,E
70002982,PAX892375267,LOC1920299949, TIC603705790,200.0,E
70002982,PAX396866495,LOC1920299949, TIC963731861,200.0,E
70002982,PAX1303897115,LOC1920299949, TIC1563880680,200.0,E
70002982,PAX2017041573,LOC1920299949, TIC1730582484,200.0,E
70002982,PAX758046310,LOC1920299949, TIC1125209676,200.0,E
70002982,PAX689485403,LOC1920299949, TIC828007321,200.0,E
70002982,PAX961145332,LOC1920299949, TIC1760125467,200.0,E
70002982,PAX1706462638,LOC1920299949, TIC450084257,200.0,E
70002982,PAX126817192,LOC1920299949, TIC2004405704,200.0,E
70002982,PAX1990433453,LOC1920299949, TIC1891157641,200.0,E
70002982,PAX440330122,LOC1920299949, TIC1348137462,200.0,E
70002982,PAX54617271,LOC1920299949, TIC1589012486,200.0,E
70002982,PAX982226722,LOC1920299949, TIC1810157070,200.0,E
70002982,PAX1792952015,LOC1920299949, TIC1481286935,200.0,E
70002982,PAX1248629780,LOC1920299949, TIC1057356332,200.0,E
70002982,PAX1751497311,LOC1920299949, TIC66157824,200.0,E
70002982,PAX1499811430,LOC1920299949, TIC1473983638,200.0,E
70002982,PAX48577203,LOC1920299949, TIC1950023592,200.0,E
70002982,PAX2117271337,LOC1920299949, TIC1043780951,200.0,E
70002982,PAX619319329,LOC1920299949, TIC966390464,200.0,E
70002982,PAX535236964,LOC1920299949, TIC354193152,200.0,E
70002982,PAX2062335986,LOC1920299949, TIC1107290351,200.0,E
70002982,PAX1539570952,LOC1920299949, TIC1846260949,200.0,E
70002982,PAX755982069,LOC1920299949, TIC1409124791,200.0,E
70002982,PAX656387552,LOC1920299949, TIC1494234155,200.0,E
70002982,PAX1284416812,LOC1920299949, TIC1437136656,200.0,E
70002982,PAX438074956,LOC1920299949, TIC965368334,200.0,E
70002982,PAX628968624,LOC1920299949, TIC617955004,200.0,E
70002982,PAX140506770,LOC1920299949, TIC1963004175,200.0,E
70002982,PAX1119511765,LOC1920299949, TIC372410130,200.0,E
70002982,PAX1300836348,LOC1920299949, TIC36832786,200.0,E
70002982,PAX181361533,LOC1920299949, TIC273141125,200.0,E
70002982,PAX1351058329,LOC1920299949, TIC260867339,200.0,E
70002982,PAX1376448670,LOC1920299949, TIC570654054,200.0,E
70002982,PAX294873594,LOC1920299949, TIC1249973667,200.0,E
70002982,PAX2123899538,LOC1920299949, TIC1626490685,200.0,E
70002982,PAX112385795,LOC1920299949, TIC1950103948,200.0,E
70002982,PAX1630879575,LOC1920299949, TIC1545260961,200.0,E
70002982,PAX1945627802,LOC1920299949, TIC1585353470,200.0,E
70002982,PAX1931079058,LOC1920299949, TIC1573410746,200.0,E
70002982,PAX577658483,LOC1920299949, TIC1272195829,200.0,E
70002982,PAX546128273,LOC1920299949, TIC2073157688,200.0,E
70002982,PAX328364696,LOC1920299949, TIC1956933545,200.0,E
70002982,PAX994782808,LOC1920299949, TIC614561507,200.0,E
70002982,PAX1109233370,LOC1920299949, TIC945870252,200.0,E
70002982,PAX1976383763,LOC1920299949, TIC106286799,200.0,E
70002982,PAX1300020977,LOC1920299949, TIC1645679078,200.0,E
70002982,PAX964751004,LOC1920299949, TIC1839984734,200.0,E
70002982,PAX1928827759,LOC1920299949, TIC511545018,200.0,E
70002982,PAX1993611449,LOC1920299949, TIC1225922046,200.0,E
70002982,PAX1271221801,LOC701896305, TIC456911598,337.5,E
70002982,PAX137240585,LOC701896305, TIC1808636937,337.5,E
70002982,PAX1675526235,LOC701896305, TIC462809212,337.5,E
70002982,PAX1713902259,LOC701896305, TIC882567835,337.5,E
70002982,PAX1170875421,LOC701896305, TIC1764259063,337.5,E
70002982,PAX1979494412,LOC701896305, TIC656683430,337.5,E
70002982,PAX514263031,LOC701896305, TIC1600914918,337.5,E
70002982,PAX2127622284,LOC701896305, TIC778794173,337.5,E
70002982,PAX122335115,LOC701896305, TIC575918360,337.5,E
70002982,PAX567125109,LOC701896305, TIC1578415878,337.5,E
70002982,PAX1080556565,LOC701896305, TIC256893373,337.5,E
70002982,PAX194713219,LOC701896305, TIC587858266,337.5,E
70002982,PAX2062125544,LOC473258030, TIC1644933126,200.0,E
70002982,PAX1153434044,LOC473258030, TIC1135327149,200.0,E
70002982,PAX1734604634,LOC473258030, TIC1974623286,200.0,E
70002982,PAX1235520096,LOC473258030, TIC1586215351,200.0,E
70002982,PAX1706864974,LOC473258030, TIC640553830,200.0,E
70002982,PAX366540743,LOC473258030, TIC492145457,200.0,E
70002982,PAX406397080,LOC473258030, TIC459532974,200.0,E
70002982,PAX746801976,LOC473258030, TIC1865776188,200.0,E
70002982,PAX2091762254,LOC473258030, TIC1541747569,200.0,E
70002982,PAX2069222415,LOC473258030, TIC385868130,200.0,E
70002982,PAX2080622744,LOC473258030, TIC50264876,200.0,E
70002982,PAX1245037464,LOC473258030, TIC29148206,200.0,E
70002982,PAX1807157783,LOC473258030, TIC1049949581,200.0,E
70002982,PAX1465709056,LOC473258030, TIC61573067,200.0,E
70002982,PAX1045467263,LOC473258030, TIC1976198256,200.0,E
70002982,PAX704956597,LOC473258030, TIC1379016891,200.0,E
70002982,PAX720476510,LOC473258030, TIC1571292450,200.0,E
70002982,PAX557308975,LOC473258030, TIC161985534,200.0,E
70002982,PAX718193291,LOC473258030, TIC2095755564,200.0,E
70002982,PAX2065237857,LOC473258030, TIC1214685182,200.0,E
70002982,PAX358857116,LOC473258030, TIC989848195,200.0,E
70002982,PAX1229144229,LOC473258030, TIC1684577934,200.0,E
70002982,PAX276497142,LOC473258030, TIC1887160224,200.0,E
70002982,PAX88307033,LOC473258030, TIC236459014,200.0,E
70002982,PAX1614156967,LOC473258030, TIC1898702369,200.0,E
70002982,PAX2131038172,LOC473258030, TIC1502285988,200.0,E
70002982,PAX795682045,LOC473258030, TIC765465820,200.0,E
70002982,PAX1434307764,LOC473258030, TIC1676866304,200.0,E
70002982,PAX955637383,LOC473258030, TIC744637700,200.0,E
70002982,PAX18860368,LOC1239050123, TIC1041544124,275.0,E
70002982,PAX810133833,LOC1239050123, TIC988993505,275.0,E
70002982,PAX475796734,LOC1239050123, TIC208934334,275.0,E
70002982,PAX2108943050,LOC349023639, TIC73778970,275.0,E
70002982,PAX319663102,LOC2123315296, TIC1077569429,275.0,E
70002985,PAX2036746888,LOC132687577, TIC1062827594,175.0,E
70002985,PAX94873293,LOC132687577, TIC306377947,175.0,E
70002985,PAX1168018334,LOC132687577, TIC356097058,175.0,E
70002985,PAX1956550457,LOC132687577, TIC2013465945,175.0,E
70002985,PAX528460984,LOC132687577, TIC1087094411,175.0,E
70002985,PAX2085626285,LOC132687577, TIC508640424,175.0,E
70002985,PAX126491658,LOC132687577, TIC23322696,175.0,E
70002985,PAX268895995,LOC132687577, TIC817115894,175.0,E
70002985,PAX692398136,LOC132687577, TIC1762779234,175.0,E
70002985,PAX1123702495,LOC132687577, TIC1264926981,175.0,E
70002985,PAX888880438,LOC132687577, TIC961102331,175.0,E
70002985,PAX1304634873,LOC132687577, TIC774381853,175.0,E
70002985,PAX1765950456,LOC132687577, TIC1419863978,175.0,E
70002985,PAX435819920,LOC132687577, TIC109577231,175.0,E
70002985,PAX1296032102,LOC132687577, TIC1958610527,175.0,E
70002985,PAX1907527322,LOC132687577, TIC654790215,175.0,E
70002985,PAX204131649,LOC132687577, TIC2037504543,175.0,E
70002985,PAX580792517,LOC132687577, TIC593975773,175.0,E
70002985,PAX1713929879,LOC132687577, TIC1570256801,175.0,E
70002985,PAX14198070,LOC132687577, TIC399369135,175.0,E
70002985,PAX1273447886,LOC132687577, TIC371586298,175.0,E
70002985,PAX1750299738,LOC132687577, TIC962827498,175.0,E
70002985,PAX721364967,LOC132687577, TIC1443099965,175.0,E
70002985,PAX1065939469,LOC132687577, TIC601510529,175.0,E
70002985,PAX4933124,LOC132687577, TIC841114334,175.0,E
70002985,PAX2076261337,LOC132687577, TIC1100688957,175.0,E
70002985,PAX1539100296,LOC132687577, TIC287563861,175.0,E
70002985,PAX284876862,LOC132687577, TIC191611799,175.0,E
70002985,PAX1351493215,LOC132687577, TIC180560087,175.0,E
70002985,PAX1266481957,LOC132687577, TIC186920438,175.0,E
70002985,PAX880280258,LOC132687577, TIC1970526480,175.0,E
70002985,PAX2062086474,LOC132687577, TIC1468980926,175.0,E
70002985,PAX1928172565,LOC132687577, TIC293816916,175.0,E
70002985,PAX420744069,LOC132687577, TIC1662446071,175.0,E
70002985,PAX1927463110,LOC132687577, TIC914829575,175.0,E
70002985,PAX1677334504,LOC132687577, TIC376724612,175.0,E
70002985,PAX1674251103,LOC132687577, TIC284295917,175.0,E
70002985,PAX2032728232,LOC132687577, TIC506056107,175.0,E
70002985,PAX1902080820,LOC850576386, TIC1505134587,400.0,E
70002985,PAX1263381458,LOC850576386, TIC1901311343,400.0,E
70002985,PAX1740258156,LOC850576386, TIC830733999,400.0,E
70002985,PAX729623117,LOC850576386, TIC1015420528,400.0,E
70002985,PAX935677428,LOC850576386, TIC1612674831,400.0,E
70002985,PAX1177953882,LOC850576386, TIC1526748793,400.0,E
70002985,PAX1705431649,LOC850576386, TIC1750413593,400.0,E
70002985,PAX1763540770,LOC850576386, TIC2071841094,400.0,E
70002985,PAX1671883026,LOC850576386, TIC957610993,400.0,E
70002985,PAX766531069,LOC850576386, TIC446206458,400.0,E
70002985,PAX1943760180,LOC850576386, TIC1101342003,400.0,E
70002985,PAX1029470706,LOC850576386, TIC597167013,400.0,E
70002985,PAX1462546607,LOC850576386, TIC2050290792,400.0,E
70002985,PAX1474004753,LOC850576386, TIC1165869375,400.0,E
70002985,PAX1564289167,LOC850576386, TIC1683234012,400.0,E
70002985,PAX278707351,LOC850576386, TIC1204260651,400.0,E
70002985,PAX1652780538,LOC850576386, TIC1863220854,400.0,E
70002985,PAX1071712408,LOC850576386, TIC502142507,400.0,E
70002985,PAX171126621,LOC850576386, TIC1228385427,400.0,E
70002985,PAX293210476,LOC1744480434, TIC404272453,175.0,E
70002985,PAX716647023,LOC1744480434, TIC1065018434,175.0,E
70002985,PAX1148055988,LOC1744480434, TIC1691697311,175.0,E
70002985,PAX399417086,LOC1744480434, TIC1935798536,175.0,E
70002985,PAX1236729482,LOC1744480434, TIC532420064,175.0,E
70002985,PAX1187923318,LOC1744480434, TIC721562544,175.0,E
70002985,PAX247601210,LOC1744480434, TIC1731103098,175.0,E
70002985,PAX1167427173,LOC1744480434, TIC228889012,175.0,E
70002985,PAX1386790452,LOC1744480434, TIC1940085949,175.0,E
70002985,PAX838523111,LOC1744480434, TIC1132834400,175.0,E
70002985,PAX736047797,LOC1744480434, TIC1224870317,175.0,E
70002985,PAX1356657862,LOC1744480434, TIC1759865414,175.0,E
70002985,PAX248049796,LOC1744480434, TIC2078281972,175.0,E
70002985,PAX1531168384,LOC1744480434, TIC1031019646,175.0,E
70002985,PAX702154445,LOC1744480434, TIC1175882358,175.0,E
70002985,PAX449428740,LOC1744480434, TIC1108071311,175.0,E
70002985,PAX1877061610,LOC1744480434, TIC250098322,175.0,E
70002985,PAX2078891656,LOC1744480434, TIC513992382,175.0,E
70002985,PAX330827985,LOC1744480434, TIC1021037603,175.0,E
70002985,PAX1270310168,LOC1744480434, TIC693140227,175.0,E
70002985,PAX599486513,LOC1744480434, TIC1141532075,175.0,E
70002985,PAX622743382,LOC1744480434, TIC557019540,175.0,E
70002985,PAX501605303,LOC1744480434, TIC2092386065,175.0,E
70002985,PAX1979652190,LOC1744480434, TIC412431569,175.0,E
70002985,PAX1252655364,LOC1744480434, TIC1985315142,175.0,E
70002985,PAX169156924,LOC1744480434, TIC1664096458,175.0,E
70002985,PAX1883650955,LOC1744480434, TIC636890358,175.0,E
70002985,PAX1658756699,LOC1744480434, TIC1468109460,175.0,E
70002985,PAX1350955426,LOC1744480434, TIC696983375,175.0,E
70002985,PAX461130666,LOC1744480434, TIC25876121,175.0,E
70002985,PAX1961501645,LOC1744480434, TIC136810480,175.0,E
70002985,PAX2061166971,LOC1744480434, TIC1148851668,175.0,E
70002985,PAX1276304935,LOC1744480434, TIC1389668469,175.0,E
70002985,PAX286271231,LOC1744480434, TIC2072200114,175.0,E
70002985,PAX741427262,LOC1744480434, TIC342001882,175.0,E
70002985,PAX1454634688,LOC1744480434, TIC410313166,175.0,E
70002985,PAX1647742553,LOC1744480434, TIC907793750,175.0,E
70002985,PAX451955770,LOC1744480434, TIC348737074,175.0,E
70002985,PAX427050025,LOC1744480434, TIC589230429,175.0,E
70002985,PAX797608678,LOC1744480434, TIC877772706,175.0,E
70002985,PAX1069451703,LOC1744480434, TIC2100180535,175.0,E
70002985,PAX1890066175,LOC1744480434, TIC902689479,175.0,E
70002985,PAX1306956411,LOC1744480434, TIC1873384073,175.0,E
70002985,PAX147843201,LOC1744480434, TIC26031988,175.0,E
70002985,PAX1255439808,LOC348814891, TIC1699921168,225.0,E
70002985,PAX785095769,LOC348814891, TIC438899945,225.0,E
70002985,PAX2015305839,LOC348814891, TIC1772445916,225.0,E
70002985,PAX1526247361,LOC348814891, TIC186379358,225.0,E
70002985,PAX1049412115,LOC348814891, TIC967703038,225.0,E
70002985,PAX1645405432,LOC348814891, TIC1545170151,225.0,E
70002985,PAX582810308,LOC348814891, TIC976445617,225.0,E
70002985,PAX1940325158,LOC348814891, TIC1690597652,225.0,E
70002985,PAX668367385,LOC348814891, TIC1229208516,225.0,E
70002985,PAX1910833461,LOC348814891, TIC1337614545,225.0,E
70002985,PAX1661484687,LOC348814891, TIC1077526564,225.0,E
70002992,PAX1428334068,LOC1607534131, TIC1882131248,200.0,E
70002992,PAX281719242,LOC1607534131, TIC1928104600,200.0,E
70002992,PAX1913720891,LOC1607534131, TIC713278720,200.0,E
70002992,PAX2027307535,LOC1607534131, TIC1405303314,200.0,E
70002992,PAX264506471,LOC1607534131, TIC344164905,200.0,E
70002992,PAX1794652022,LOC1607534131, TIC796923627,200.0,E
70002992,PAX785914368,LOC1607534131, TIC875393251,200.0,E
70002992,PAX902095394,LOC1607534131, TIC1377651631,200.0,E
70002992,PAX1672437986,LOC1607534131, TIC1686020268,200.0,E
70002992,PAX1503301832,LOC1607534131, TIC1875744995,200.0,E
70002992,PAX999167522,LOC1607534131, TIC282545536,200.0,E
70002992,PAX858812126,LOC1607534131, TIC1578065834,200.0,E
70002992,PAX279055818,LOC1607534131, TIC1698474767,200.0,E
70002992,PAX951930207,LOC1607534131, TIC937598121,200.0,E
70002992,PAX1174846475,LOC1607534131, TIC1836411917,200.0,E
70002992,PAX509358518,LOC1607534131, TIC1367804792,200.0,E
70002992,PAX1714596902,LOC1607534131, TIC1721338888,200.0,E
70002992,PAX1006748091,LOC1607534131, TIC915250231,200.0,E
70002992,PAX1212786624,LOC1607534131, TIC2135517468,200.0,E
70002992,PAX47736249,LOC1607534131, TIC600829730,200.0,E
70002992,PAX796105244,LOC1607534131, TIC369488279,200.0,E
70002992,PAX306901725,LOC1607534131, TIC1009282499,200.0,E
70002992,PAX1984532630,LOC1607534131, TIC465096638,200.0,E
70002992,PAX1969466815,LOC1607534131, TIC1592039926,200.0,E
70002992,PAX229602771,LOC1607534131, TIC1527974814,200.0,E
70002992,PAX1020011576,LOC1607534131, TIC440212706,200.0,E
70002992,PAX111624123,LOC1607534131, TIC1977300862,200.0,E
70002992,PAX1355355442,LOC1607534131, TIC523420754,200.0,E
70002992,PAX840590973,LOC1607534131, TIC1607969844,200.0,E
70002992,PAX1827121575,LOC1607534131, TIC660350021,200.0,E
70002992,PAX766264674,LOC1607534131, TIC1128879614,200.0,E
70002992,PAX1919390436,LOC1607534131, TIC1849739167,200.0,E
70002992,PAX1241396325,LOC1607534131, TIC1321423757,200.0,E
70002992,PAX164195431,LOC1607534131, TIC291409439,200.0,E
70002992,PAX1318405560,LOC1607534131, TIC1098905935,200.0,E
70002992,PAX1789416038,LOC1607534131, TIC2014594509,200.0,E
70002992,PAX1474982350,LOC1607534131, TIC1023929627,200.0,E
70002992,PAX1417826873,LOC1607534131, TIC31113488,200.0,E
70002992,PAX1744091184,LOC1607534131, TIC767361761,200.0,E
70002992,PAX596261590,LOC1607534131, TIC1226498632,200.0,E
70002992,PAX981001847,LOC1607534131, TIC999372672,200.0,E
70002992,PAX1719466428,LOC1607534131, TIC911755966,200.0,E
70002992,PAX1580630615,LOC1607534131, TIC268282594,200.0,E
70002992,PAX492725522,LOC1607534131, TIC1843947841,200.0,E
70002992,PAX269478746,LOC1607534131, TIC1372242465,200.0,E
70002992,PAX707196422,LOC1607534131, TIC49886287,200.0,E
70002992,PAX1701795643,LOC1607534131, TIC928778980,200.0,E
70002992,PAX2086451969,LOC1607534131, TIC1041459299,200.0,E
70002992,PAX355476108,LOC1607534131, TIC1441291270,200.0,E
70002992,PAX1829748134,LOC1607534131, TIC1569678963,200.0,E
70002992,PAX1739321319,LOC1607534131, TIC568323913,200.0,E
70002992,PAX1694258806,LOC1607534131, TIC630051391,200.0,E
70002992,PAX845031268,LOC1607534131, TIC524739160,200.0,E
70002992,PAX1592730390,LOC1607534131, TIC342420270,200.0,E
70002992,PAX1523989407,LOC1607534131, TIC51156931,200.0,E
70002992,PAX929964970,LOC1607534131, TIC256695089,200.0,E
70002992,PAX853853949,LOC1607534131, TIC1398688944,200.0,E
70002992,PAX1170674061,LOC1607534131, TIC1464087220,200.0,E
70002992,PAX1743365012,LOC1607534131, TIC1310610203,200.0,E
70002992,PAX441247699,LOC1607534131, TIC1812977145,200.0,E
70002992,PAX832193156,LOC1607534131, TIC1025175116,200.0,E
70002992,PAX434044576,LOC1607534131, TIC1335139676,200.0,E
70002992,PAX550946849,LOC1607534131, TIC686574709,200.0,E
70002992,PAX1659277912,LOC1607534131, TIC2076931158,200.0,E
70002992,PAX1075326126,LOC512614510, TIC658410637,337.5,E
70002992,PAX1023787930,LOC512614510, TIC875688891,337.5,E
70002992,PAX1890835715,LOC512614510, TIC125307417,337.5,E
70002992,PAX234256055,LOC512614510, TIC1810503553,337.5,E
70002992,PAX136243355,LOC512614510, TIC987092503,337.5,E
70002992,PAX1296216005,LOC512614510, TIC1370075924,337.5,E
70002992,PAX282583525,LOC512614510, TIC1318971514,337.5,E
70002992,PAX132366905,LOC512614510, TIC104227064,337.5,E
70002992,PAX740035155,LOC512614510, TIC782005043,337.5,E
70002992,PAX905972705,LOC512614510, TIC152056820,337.5,E
70002992,PAX1156428449,LOC35223987, TIC270546241,200.0,E
70002992,PAX888055322,LOC35223987, TIC448277730,200.0,E
70002992,PAX938495650,LOC35223987, TIC44327754,200.0,E
70002992,PAX801418700,LOC35223987, TIC1686704163,200.0,E
70002992,PAX1501078205,LOC35223987, TIC1455468464,200.0,E
70002992,PAX1646115496,LOC35223987, TIC291318318,200.0,E
70002992,PAX1162954430,LOC35223987, TIC860471594,200.0,E
70002992,PAX22337607,LOC35223987, TIC1395391466,200.0,E
70002992,PAX312484307,LOC35223987, TIC1187770001,200.0,E
70002992,PAX2081362689,LOC35223987, TIC1176286345,200.0,E
70002992,PAX1296398725,LOC35223987, TIC2039521160,200.0,E
70002992,PAX1869229048,LOC35223987, TIC1060166170,200.0,E
70002992,PAX265507282,LOC35223987, TIC1527391385,200.0,E
70002992,PAX655630246,LOC35223987, TIC1314111892,200.0,E
70002992,PAX1301305358,LOC35223987, TIC1321461307,200.0,E
70002992,PAX1652272588,LOC35223987, TIC558415160,200.0,E
70002992,PAX289959575,LOC35223987, TIC876627883,200.0,E
70002992,PAX1448706840,LOC35223987, TIC1436622669,200.0,E
70002992,PAX1782676901,LOC35223987, TIC151615827,200.0,E
70002992,PAX1240080629,LOC35223987, TIC1230167434,200.0,E
70002992,PAX1202958395,LOC35223987, TIC43217970,200.0,E
70002992,PAX1813634338,LOC35223987, TIC571251004,200.0,E
70002992,PAX2104137551,LOC35223987, TIC1039517042,200.0,E
70002992,PAX1855076081,LOC35223987, TIC2032649814,200.0,E
70002992,PAX1128756818,LOC35223987, TIC1518800206,200.0,E
70002992,PAX1700812691,LOC35223987, TIC490128770,200.0,E
70002992,PAX2142847258,LOC35223987, TIC1005570767,200.0,E
70002992,PAX1517219867,LOC35223987, TIC2071563582,200.0,E
70002992,PAX1996727630,LOC35223987, TIC1732886626,200.0,E
70002992,PAX1980769673,LOC35223987, TIC828271318,200.0,E
70002992,PAX737592943,LOC35223987, TIC918699636,200.0,E
70002992,PAX1627909111,LOC1691035035, TIC1540363236,337.5,E
70002992,PAX814081089,LOC1691035035, TIC212204366,337.5,E
70002992,PAX1194260558,LOC1691035035, TIC1331078274,337.5,E
70002992,PAX2141218250,LOC1691035035, TIC1949164796,337.5,E
70002992,PAX1003859222,LOC1691035035, TIC1421453506,337.5,E
70002992,PAX935310398,LOC1691035035, TIC1306941162,337.5,E
70002999,PAX252618752,LOC918663229, TIC1202139082,175.0,E
70002999,PAX1787434307,LOC918663229, TIC1732911868,175.0,E
70002999,PAX2029494136,LOC918663229, TIC462777895,175.0,E
70002999,PAX1176363976,LOC918663229, TIC344061966,175.0,E
70002999,PAX1604886433,LOC918663229, TIC1733102656,175.0,E
70002999,PAX131706968,LOC918663229, TIC447601475,175.0,E
70002999,PAX97416171,LOC918663229, TIC1783354611,175.0,E
70002999,PAX1839419779,LOC918663229, TIC271280476,175.0,E
70002999,PAX1678348652,LOC918663229, TIC1077608103,175.0,E
70002999,PAX2028970420,LOC918663229, TIC10158769,175.0,E
70002999,PAX1519336233,LOC918663229, TIC1086340306,175.0,E
70002999,PAX2098935147,LOC918663229, TIC85695778,175.0,E
70002999,PAX581812943,LOC918663229, TIC701226696,175.0,E
70002999,PAX1819579919,LOC918663229, TIC1958600452,175.0,E
70002999,PAX2071832885,LOC918663229, TIC1795485413,175.0,E
70002999,PAX866972588,LOC918663229, TIC254713424,175.0,E
70002999,PAX479924128,LOC918663229, TIC948860749,175.0,E
70002999,PAX1130125781,LOC918663229, TIC755355602,175.0,E
70002999,PAX1431924962,LOC918663229, TIC127406907,175.0,E
70002999,PAX1374612219,LOC918663229, TIC1020033149,175.0,E
70002999,PAX285577628,LOC918663229, TIC981106178,175.0,E
70002999,PAX525907915,LOC918663229, TIC937249845,175.0,E
70002999,PAX1683179545,LOC918663229, TIC1251432969,175.0,E
70002999,PAX1026280236,LOC918663229, TIC54707793,175.0,E
70002999,PAX874912967,LOC918663229, TIC694560752,175.0,E
70002999,PAX477740200,LOC918663229, TIC2049089354,175.0,E
70002999,PAX1478783007,LOC918663229, TIC1625000738,175.0,E
70002999,PAX672715871,LOC918663229, TIC1248536148,175.0,E
70002999,PAX1374134446,LOC918663229, TIC1947949384,175.0,E
70002999,PAX689506589,LOC918663229, TIC324091706,175.0,E
70002999,PAX1712787011,LOC918663229, TIC1614599815,175.0,E
70002999,PAX703501683,LOC918663229, TIC869233853,175.0,E
70002999,PAX296974467,LOC918663229, TIC1020094780,175.0,E
70002999,PAX533631158,LOC918663229, TIC138799133,175.0,E
70002999,PAX682018151,LOC918663229, TIC1706030863,175.0,E
70002999,PAX461721,LOC918663229, TIC2087110781,175.0,E
70002999,PAX1202784493,LOC918663229, TIC1627100235,175.0,E
70002999,PAX747602591,LOC918663229, TIC1263682228,175.0,E
70002999,PAX1485720365,LOC918663229, TIC1914852061,175.0,E
70002999,PAX496476954,LOC918663229, TIC566340058,175.0,E
70002999,PAX677248898,LOC918663229, TIC538705279,175.0,E
70002999,PAX1017533162,LOC918663229, TIC1970556822,175.0,E
70002999,PAX1989945464,LOC918663229, TIC806389589,175.0,E
70002999,PAX141562747,LOC918663229, TIC760796179,175.0,E
70002999,PAX2124462188,LOC918663229, TIC1681555599,175.0,E
70002999,PAX1026974236,LOC918663229, TIC1428308129,175.0,E
70002999,PAX60044726,LOC918663229, TIC1985973214,175.0,E
70002999,PAX2012840740,LOC918663229, TIC130780622,175.0,E
70002999,PAX1911330141,LOC918663229, TIC2046572510,175.0,E
70002999,PAX1259508534,LOC918663229, TIC514596663,175.0,E
70002999,PAX2053151062,LOC918663229, TIC1935830072,175.0,E
70002999,PAX1748654200,LOC918663229, TIC1329113834,175.0,E
70002999,PAX906331910,LOC918663229, TIC177682953,175.0,E
70002999,PAX1381540692,LOC918663229, TIC1962805975,175.0,E
70002999,PAX1830871038,LOC918663229, TIC596180693,175.0,E
70002999,PAX1496204035,LOC918663229, TIC617405780,175.0,E
70002999,PAX898804939,LOC918663229, TIC581440494,175.0,E
70002999,PAX1494675443,LOC918663229, TIC1605983932,175.0,E
70002999,PAX1443643077,LOC918663229, TIC1755903737,175.0,E
70002999,PAX2117684435,LOC918663229, TIC2026267320,175.0,E
70002999,PAX926544829,LOC1260564554, TIC1082783310,175.0,E
70002999,PAX201312349,LOC1260564554, TIC773578529,175.0,E
70002999,PAX1272951762,LOC1260564554, TIC1780879153,175.0,E
70002999,PAX1918399326,LOC1260564554, TIC1200262784,175.0,E
70002999,PAX1092648833,LOC1260564554, TIC1043096408,175.0,E
70002999,PAX912461520,LOC1260564554, TIC862370013,175.0,E
70002999,PAX500512668,LOC1260564554, TIC1704725935,175.0,E
70002999,PAX1942873453,LOC1260564554, TIC968172288,175.0,E
70002999,PAX2133372545,LOC1260564554, TIC747050345,175.0,E
70002999,PAX1291271881,LOC1260564554, TIC723921689,175.0,E
70002999,PAX232590822,LOC1260564554, TIC2049240073,175.0,E
70002999,PAX1142917630,LOC1260564554, TIC1323609955,175.0,E
70002999,PAX241538651,LOC1260564554, TIC1753024387,175.0,E
70002999,PAX1214469163,LOC1260564554, TIC2137102195,175.0,E
70002999,PAX636045376,LOC1260564554, TIC811899062,175.0,E
70002999,PAX1027857733,LOC1260564554, TIC848590858,175.0,E
70002999,PAX1902743024,LOC1260564554, TIC431589720,175.0,E
70002999,PAX640149786,LOC1260564554, TIC1685482581,175.0,E
70002999,PAX1504040658,LOC1260564554, TIC2006981496,175.0,E
70003008,PAX1505254476,LOC1316271474, TIC1053356761,200.0,E
70003008,PAX1860944788,LOC1316271474, TIC1153927985,200.0,E
70003008,PAX2012558441,LOC1316271474, TIC30070997,200.0,E
70003008,PAX948178231,LOC1316271474, TIC2100864640,200.0,E
70003008,PAX1646968262,LOC1316271474, TIC1805764167,200.0,E
70003008,PAX1062489266,LOC1316271474, TIC1267530888,200.0,E
70003008,PAX301516351,LOC1316271474, TIC1165753003,200.0,E
70003008,PAX1034081539,LOC1316271474, TIC653418285,200.0,E
70003008,PAX249788254,LOC1316271474, TIC391705298,200.0,E
70003008,PAX1635901279,LOC1316271474, TIC2114444287,200.0,E
70003008,PAX655073414,LOC1316271474, TIC1863130324,200.0,E
70003008,PAX949196256,LOC1316271474, TIC463100275,200.0,E
70003008,PAX651831249,LOC1316271474, TIC347085221,200.0,E
70003008,PAX1022728157,LOC1316271474, TIC1582306160,200.0,E
70003008,PAX1199054063,LOC1316271474, TIC1307583583,200.0,E
70003008,PAX240078404,LOC1316271474, TIC1506339280,200.0,E
70003008,PAX2124556757,LOC1316271474, TIC720657739,200.0,E
70003008,PAX1793031207,LOC1316271474, TIC230468254,200.0,E
70003008,PAX605998631,LOC1316271474, TIC1486695024,200.0,E
70003008,PAX1548079206,LOC1316271474, TIC166955500,200.0,E
70003008,PAX706185008,LOC1316271474, TIC1255457068,200.0,E
70003008,PAX1050526591,LOC1316271474, TIC2070146182,200.0,E
70003008,PAX569047160,LOC1316271474, TIC2076526777,200.0,E
70003008,PAX557023957,LOC1316271474, TIC824034453,200.0,E
70003008,PAX1956870248,LOC1316271474, TIC1882028751,200.0,E
70003008,PAX1584362594,LOC1316271474, TIC1217510639,200.0,E
70003008,PAX895834459,LOC1316271474, TIC1384720930,200.0,E
70003008,PAX1263697582,LOC1316271474, TIC169183655,200.0,E
70003008,PAX392253848,LOC1316271474, TIC1440997707,200.0,E
70003008,PAX756364197,LOC1316271474, TIC467360918,200.0,E
70003008,PAX19228868,LOC1316271474, TIC2134419519,200.0,E
70003008,PAX1390576587,LOC1316271474, TIC1511090324,200.0,E
70003008,PAX2093366433,LOC1316271474, TIC17834093,200.0,E
70003008,PAX713618470,LOC1316271474, TIC1428045198,200.0,E
70003008,PAX688881227,LOC1316271474, TIC552112496,200.0,E
70003008,PAX936917360,LOC1316271474, TIC842298402,200.0,E
70003008,PAX1751182449,LOC1316271474, TIC179598743,200.0,E
70003008,PAX146617767,LOC1316271474, TIC1182619230,200.0,E
70003008,PAX401360933,LOC1316271474, TIC966714421,200.0,E
70003008,PAX1395247073,LOC1316271474, TIC1641428278,200.0,E
70003008,PAX578836562,LOC1316271474, TIC445068567,200.0,E
70003008,PAX675645126,LOC1316271474, TIC341584198,200.0,E
70003008,PAX1729863967,LOC1316271474, TIC1446623233,200.0,E
70003008,PAX610190441,LOC1316271474, TIC1776285746,200.0,E
70003008,PAX234480502,LOC1316271474, TIC1348565900,200.0,E
70003008,PAX330470878,LOC1316271474, TIC1941696597,200.0,E
70003008,PAX1632088431,LOC1316271474, TIC1875043263,200.0,E
70003008,PAX1365782825,LOC1316271474, TIC392083570,200.0,E
70003008,PAX1176477506,LOC1316271474, TIC221457201,200.0,E
70003008,PAX307012443,LOC1316271474, TIC123283167,200.0,E
70003008,PAX1564370365,LOC1316271474, TIC1335473134,200.0,E
70003008,PAX205304715,LOC1316271474, TIC1215399118,200.0,E
70003008,PAX1094921820,LOC1316271474, TIC2065161231,200.0,E
70003008,PAX83641751,LOC1316271474, TIC1522058581,200.0,E
70003008,PAX41478878,LOC1316271474, TIC411410553,200.0,E
70003008,PAX1863413915,LOC1316271474, TIC910507433,200.0,E
70003008,PAX1951957774,LOC1316271474, TIC545278407,200.0,E
70003008,PAX1491932598,LOC1316271474, TIC482382132,200.0,E
70003008,PAX1915751527,LOC1316271474, TIC805161868,200.0,E
70003008,PAX1297132876,LOC1316271474, TIC643783224,200.0,E
70003008,PAX639905539,LOC1316271474, TIC1918742205,200.0,E
70003008,PAX597229740,LOC1316271474, TIC487223854,200.0,E
70003008,PAX1407720548,LOC1316271474, TIC693618105,200.0,E
70003008,PAX1201671073,LOC1316271474, TIC961418149,200.0,E
70003008,PAX307884372,LOC1316271474, TIC144080775,200.0,E
70003008,PAX2018332150,LOC1316271474, TIC625587931,200.0,E
70003008,PAX2027532909,LOC1316271474, TIC1965769608,200.0,E
70003008,PAX1380366001,LOC1316271474, TIC2128998330,200.0,E
70003008,PAX536242384,LOC1316271474, TIC153169560,200.0,E
70003008,PAX745042907,LOC1316271474, TIC1878395704,200.0,E
70003008,PAX789496727,LOC1316271474, TIC1441433108,200.0,E
70003008,PAX1093416558,LOC1316271474, TIC2010920910,200.0,E
70003008,PAX756423316,LOC1316271474, TIC562370544,200.0,E
70003008,PAX607231093,LOC1316271474, TIC1662082546,200.0,E
70003008,PAX1646513759,LOC1316271474, TIC390592018,200.0,E
70003008,PAX940282249,LOC1316271474, TIC376521324,200.0,E
70003008,PAX29120996,LOC1316271474, TIC285556607,200.0,E
70003008,PAX47639158,LOC1316271474, TIC655439644,200.0,E
70003008,PAX1666475078,LOC1316271474, TIC508833191,200.0,E
70003008,PAX690030757,LOC1316271474, TIC376257822,200.0,E
70003008,PAX1319704379,LOC1316271474, TIC899660797,200.0,E
70003008,PAX639356724,LOC1316271474, TIC1774568261,200.0,E
70003008,PAX2135753387,LOC1316271474, TIC1772158049,200.0,E
70003008,PAX890943508,LOC1316271474, TIC954549840,200.0,E
70003008,PAX1588755061,LOC1316271474, TIC1115607905,200.0,E
70003008,PAX1880059908,LOC1316271474, TIC467340005,200.0,E
70003008,PAX1984651323,LOC1316271474, TIC213359832,200.0,E
70003008,PAX884414785,LOC1660938416, TIC778905784,200.0,E
70003008,PAX307739788,LOC1660938416, TIC849772321,200.0,E
70003008,PAX308462943,LOC1660938416, TIC316161274,200.0,E
70003008,PAX1740037194,LOC1660938416, TIC565956717,200.0,E
70003008,PAX808213070,LOC1660938416, TIC469390225,200.0,E
70003008,PAX654764795,LOC1660938416, TIC941274193,200.0,E
70003008,PAX35001275,LOC1660938416, TIC1144147558,200.0,E
70003008,PAX1586725925,LOC1660938416, TIC524368446,200.0,E
70003008,PAX1509387850,LOC1660938416, TIC1190836111,200.0,E
70003008,PAX228499022,LOC1660938416, TIC810081992,200.0,E
70003008,PAX1561366120,LOC1660938416, TIC1532212529,200.0,E
70003008,PAX1298376342,LOC1660938416, TIC915984664,200.0,E
70003008,PAX327535879,LOC1660938416, TIC1728670151,200.0,E
70003008,PAX1192498615,LOC1660938416, TIC993809877,200.0,E
70003008,PAX976017241,LOC1660938416, TIC1990351811,200.0,E
70003008,PAX542273124,LOC1660938416, TIC13812341,200.0,E
70003008,PAX493441175,LOC1660938416, TIC1818076415,200.0,E
70003008,PAX918118977,LOC1660938416, TIC1171000154,200.0,E
70003008,PAX459081185,LOC1660938416, TIC885369904,200.0,E
70003008,PAX1420644620,LOC1660938416, TIC1410993652,200.0,E
70003008,PAX696516053,LOC1660938416, TIC966952852,200.0,E
70003008,PAX783884932,LOC1660938416, TIC1715198157,200.0,E
70003008,PAX219819008,LOC1660938416, TIC507986632,200.0,E
70003008,PAX684520913,LOC1660938416, TIC34968376,200.0,E
70003008,PAX459690977,LOC1660938416, TIC173990031,200.0,E
70003008,PAX1425439210,LOC1660938416, TIC1440315225,200.0,E
70003008,PAX7794618,LOC1660938416, TIC1410756527,200.0,E
70004572,PAX1367450003,LOC1411606131, TIC760701180,312.5,E
70004572,PAX111155845,LOC1411606131, TIC987515183,312.5,E
70004572,PAX895439922,LOC1411606131, TIC1500233642,312.5,E
70004572,PAX1160636896,LOC1411606131, TIC209770384,312.5,E
70004572,PAX1471165853,LOC1411606131, TIC1325636986,312.5,E
70004572,PAX468140260,LOC1411606131, TIC709445348,312.5,E
70004572,PAX1013751487,LOC1637295613, TIC2131820480,312.5,E
70004572,PAX243645157,LOC13992517, TIC1356042471,312.5,E
70004572,PAX1326248090,LOC13992517, TIC278282172,312.5,E
70004572,PAX358267055,LOC13992517, TIC367190618,312.5,E
70004572,PAX1312536263,LOC13992517, TIC1568767847,312.5,E
70004572,PAX263624978,LOC13992517, TIC1050328291,312.5,E
70004572,PAX361333620,LOC13992517, TIC653028348,312.5,E
70004572,PAX1485653589,LOC13992517, TIC949431907,312.5,E
70004564,PAX1602106073,LOC1431243031, TIC2137225168,637.5,E
70004571,PAX1602106073,LOC1431243031, TIC1967311548,637.5,E
70004572,PAX1602106073,LOC1431243031, TIC1655016361,637.5,E
70004564,PAX1330135307,LOC1431243031, TIC146778138,637.5,E
70004571,PAX1330135307,LOC1431243031, TIC659470030,637.5,E
70004572,PAX1330135307,LOC1431243031, TIC2143835600,637.5,E
70004564,PAX482379526,LOC1431243031, TIC1637059512,637.5,E
70004571,PAX482379526,LOC1431243031, TIC928982400,637.5,E
70004572,PAX482379526,LOC1431243031, TIC1450330691,637.5,E
70004564,PAX982307187,LOC1431243031, TIC1812437703,637.5,E
70004571,PAX982307187,LOC1431243031, TIC884631799,637.5,E
70004572,PAX982307187,LOC1431243031, TIC417589361,637.5,E
70004564,PAX584534228,LOC1431243031, TIC2142691381,637.5,E
70004571,PAX584534228,LOC1431243031, TIC1801635234,637.5,E
70004572,PAX584534228,LOC1431243031, TIC706790691,637.5,E
70004564,PAX2044357692,LOC1431243031, TIC1731983677,637.5,E
70004571,PAX2044357692,LOC1431243031, TIC1592579680,637.5,E
70004572,PAX2044357692,LOC1431243031, TIC301060996,637.5,E
70004564,PAX565647578,LOC1431243031, TIC1960403967,637.5,E
70004571,PAX565647578,LOC1431243031, TIC352037647,637.5,E
70004572,PAX565647578,LOC1431243031, TIC1874255266,637.5,E
70004564,PAX165750677,LOC1431243031, TIC1651420584,637.5,E
70004571,PAX165750677,LOC1431243031, TIC779819573,637.5,E
70004572,PAX165750677,LOC1431243031, TIC1185638576,637.5,E
70004564,PAX1216949898,LOC1431243031, TIC671426545,637.5,E
70004571,PAX1216949898,LOC1431243031, TIC612671413,637.5,E
70004572,PAX1216949898,LOC1431243031, TIC1889061698,637.5,E
70004564,PAX1342124260,LOC1431243031, TIC225268305,637.5,E
70004571,PAX1342124260,LOC1431243031, TIC570737866,637.5,E
70004572,PAX1342124260,LOC1431243031, TIC621163224,637.5,E
70004564,PAX2096352594,LOC1431243031, TIC87270663,637.5,E
70004571,PAX2096352594,LOC1431243031, TIC951929109,637.5,E
70004572,PAX2096352594,LOC1431243031, TIC924695495,637.5,E
70004564,PAX491665549,LOC1431243031, TIC463236406,637.5,E
70004571,PAX491665549,LOC1431243031, TIC352267984,637.5,E
70004572,PAX491665549,LOC1431243031, TIC712366709,637.5,E
70004572,PAX2071816779,LOC642276024, TIC717854061,312.5,E
70004572,PAX1202337836,LOC642276024, TIC1083351515,312.5,E
70004572,PAX1984400218,LOC642276024, TIC55265631,312.5,E
70004563,PAX169532500,LOC1005364621, TIC335627535,237.5,E
70004563,PAX11642032,LOC1005364621, TIC1034637075,237.5,E
70004563,PAX1864023630,LOC1005364621, TIC675496487,237.5,E
70004563,PAX1788655676,LOC1005364621, TIC1707236534,237.5,E
70004563,PAX1305061649,LOC1005364621, TIC2095116567,237.5,E
70004563,PAX766761036,LOC1005364621, TIC1732494436,237.5,E
70004563,PAX713417000,LOC1005364621, TIC1373228922,237.5,E
70004563,PAX1682849210,LOC1005364621, TIC964759375,237.5,E
70004563,PAX1994653389,LOC1005364621, TIC806086446,237.5,E
70004563,PAX224790646,LOC1005364621, TIC132206786,237.5,E
70004563,PAX1443079485,LOC1005364621, TIC334181712,237.5,E
70004563,PAX1274081902,LOC1005364621, TIC788200917,237.5,E
70004563,PAX1059144238,LOC1005364621, TIC1211959778,237.5,E
70004563,PAX585365939,LOC1005364621, TIC609509735,237.5,E
70004563,PAX1456010178,LOC1005364621, TIC860528221,237.5,E
70004563,PAX940896200,LOC1005364621, TIC1278000437,237.5,E
70004563,PAX385402236,LOC1005364621, TIC622539012,237.5,E
70004563,PAX469590618,LOC1005364621, TIC1986535043,237.5,E
70004563,PAX1049241035,LOC1005364621, TIC976322752,237.5,E
70004563,PAX1537448849,LOC1005364621, TIC538333298,237.5,E
70004563,PAX1762036261,LOC1005364621, TIC1892604881,237.5,E
70004563,PAX1226312715,LOC1005364621, TIC162830422,237.5,E
70004563,PAX623173600,LOC1005364621, TIC1456692937,237.5,E
70004563,PAX628165381,LOC1005364621, TIC1200594299,237.5,E
70004563,PAX1903711119,LOC1005364621, TIC1030340492,237.5,E
70004563,PAX1830420057,LOC1005364621, TIC1628963805,237.5,E
70004563,PAX820002116,LOC1005364621, TIC1192866212,237.5,E
70004563,PAX1657413124,LOC1005364621, TIC1670402201,237.5,E
70004563,PAX857163352,LOC1005364621, TIC716316979,237.5,E
70004563,PAX891497611,LOC1005364621, TIC1690016771,237.5,E
70004563,PAX735508044,LOC1005364621, TIC867503313,237.5,E
70004563,PAX1663618052,LOC1005364621, TIC913308485,237.5,E
70004563,PAX1328668474,LOC1005364621, TIC907772245,237.5,E
70004563,PAX1092779237,LOC1005364621, TIC1334762483,237.5,E
70004563,PAX1123379191,LOC1005364621, TIC2033078169,237.5,E
70004563,PAX1619468965,LOC1005364621, TIC402087940,237.5,E
70004563,PAX1758753319,LOC1005364621, TIC2003411644,237.5,E
70004563,PAX1186505142,LOC1005364621, TIC1159501424,237.5,E
70004563,PAX1007915270,LOC1005364621, TIC312266175,237.5,E
70004563,PAX1744980462,LOC1005364621, TIC1224942380,237.5,E
70004563,PAX1603136052,LOC1005364621, TIC879134487,237.5,E
70004563,PAX1703293767,LOC1005364621, TIC919306085,237.5,E
70004563,PAX1447508985,LOC1005364621, TIC1534805580,237.5,E
70004563,PAX354313732,LOC1005364621, TIC821626852,237.5,E
70004563,PAX1392006462,LOC1005364621, TIC1982626105,237.5,E
70004563,PAX1703385471,LOC1005364621, TIC212215309,237.5,E
70004563,PAX1255146747,LOC1005364621, TIC1740217550,237.5,E
70004563,PAX615561257,LOC1005364621, TIC1943344781,237.5,E
70004563,PAX39548363,LOC1005364621, TIC307262580,237.5,E
70004563,PAX1871325906,LOC1005364621, TIC1826213274,237.5,E
70004563,PAX1782348099,LOC1005364621, TIC2026827813,237.5,E
70004563,PAX743769168,LOC1005364621, TIC1432070131,237.5,E
70004563,PAX819163430,LOC1005364621, TIC723487263,237.5,E
70004563,PAX1617135604,LOC1005364621, TIC404100014,237.5,E
70004563,PAX1415770205,LOC1005364621, TIC1384009032,237.5,E
70004563,PAX995739986,LOC1005364621, TIC534215273,237.5,E
70004563,PAX1293872242,LOC1005364621, TIC2095507473,237.5,E
70004563,PAX1870009653,LOC1005364621, TIC891591441,237.5,E
70004563,PAX1378338635,LOC1005364621, TIC2121238205,237.5,E
70004563,PAX1336881270,LOC1005364621, TIC1277577181,237.5,E
70004563,PAX1467520805,LOC1005364621, TIC1337199440,237.5,E
70004563,PAX264031921,LOC1005364621, TIC964625784,237.5,E
70004563,PAX1673905840,LOC1005364621, TIC1430970812,237.5,E
70004563,PAX1516137025,LOC1005364621, TIC1919081436,237.5,E
70004563,PAX1038832534,LOC1005364621, TIC1229166428,237.5,E
70004563,PAX131820352,LOC1005364621, TIC2084703762,237.5,E
70004563,PAX462441209,LOC1005364621, TIC670760331,237.5,E
70004563,PAX369072534,LOC1005364621, TIC74111752,237.5,E
70004563,PAX464914959,LOC1005364621, TIC295379270,237.5,E
70004563,PAX175121125,LOC1005364621, TIC952542076,237.5,E
70004563,PAX283862427,LOC1005364621, TIC348062653,237.5,E
70004563,PAX2001763879,LOC1005364621, TIC1596578350,237.5,E
70004563,PAX2097670193,LOC1005364621, TIC1911333107,237.5,E
70004563,PAX101989167,LOC1005364621, TIC761421170,237.5,E
70004563,PAX1914278851,LOC1005364621, TIC1608181426,237.5,E
70004563,PAX1982782365,LOC1005364621, TIC881936440,237.5,E
70004563,PAX1231403656,LOC1005364621, TIC899889197,237.5,E
70004563,PAX1287894980,LOC1005364621, TIC1519894222,237.5,E
70004563,PAX153097050,LOC1005364621, TIC131511373,237.5,E
70004563,PAX366682715,LOC1005364621, TIC2130088568,237.5,E
70004563,PAX1403428024,LOC1005364621, TIC1459205584,237.5,E
70004563,PAX1815946954,LOC1005364621, TIC595966044,237.5,E
70004563,PAX1960934747,LOC1005364621, TIC1007380305,237.5,E
70004563,PAX157077662,LOC1005364621, TIC619274307,237.5,E
70004563,PAX1868274793,LOC1005364621, TIC911779619,237.5,E
70004563,PAX943004875,LOC1005364621, TIC2096630883,237.5,E
70004563,PAX545856903,LOC1005364621, TIC2086158857,237.5,E
70004563,PAX1286261610,LOC1005364621, TIC1121492205,237.5,E
70004563,PAX1165868967,LOC1005364621, TIC1586169672,237.5,E
70004563,PAX541879572,LOC1005364621, TIC528644245,237.5,E
70004563,PAX282818862,LOC1005364621, TIC1767396561,237.5,E
70004563,PAX1442414699,LOC1005364621, TIC733427810,237.5,E
70004563,PAX645772431,LOC1005364621, TIC256571034,237.5,E
70004563,PAX706896120,LOC1005364621, TIC1236500562,237.5,E
70004563,PAX1215891281,LOC1005364621, TIC903187646,237.5,E
70004563,PAX1487621610,LOC1005364621, TIC1654905370,237.5,E
70004563,PAX846675284,LOC1005364621, TIC1976664907,237.5,E
70004563,PAX1964485760,LOC1005364621, TIC2104918959,237.5,E
70004563,PAX1719084123,LOC1299443917, TIC1803178795,337.5,E
70004563,PAX756646834,LOC1299443917, TIC185778218,337.5,E
70004563,PAX752244267,LOC1299443917, TIC1247666472,337.5,E
70004563,PAX747098146,LOC1299443917, TIC1312874486,337.5,E
70004563,PAX1490023394,LOC1299443917, TIC379138122,337.5,E
70004563,PAX240456836,LOC1299443917, TIC579140395,337.5,E
70004563,PAX1391262050,LOC1299443917, TIC417564162,337.5,E
70004563,PAX790280631,LOC119909562, TIC458223294,237.5,E
70004563,PAX1684620023,LOC119909562, TIC442686945,237.5,E
70004563,PAX637139636,LOC119909562, TIC585958536,237.5,E
70004563,PAX1658419596,LOC119909562, TIC67716676,237.5,E
70004563,PAX442884257,LOC119909562, TIC180497951,237.5,E
70004563,PAX922500396,LOC119909562, TIC470406211,237.5,E
70004563,PAX1534323399,LOC119909562, TIC1840787394,237.5,E
70004563,PAX922147333,LOC119909562, TIC624161795,237.5,E
70004563,PAX1275920710,LOC119909562, TIC596209270,237.5,E
70004563,PAX1442106767,LOC119909562, TIC1679685033,237.5,E
70004563,PAX1985962214,LOC119909562, TIC1148687066,237.5,E
70004563,PAX17817615,LOC119909562, TIC612958546,237.5,E
70004563,PAX1777698704,LOC119909562, TIC165474224,237.5,E
70004563,PAX454686245,LOC119909562, TIC1557773764,237.5,E
70004563,PAX1084351204,LOC119909562, TIC1990843239,237.5,E
70004563,PAX810582629,LOC119909562, TIC261958148,237.5,E
70004563,PAX2010529236,LOC119909562, TIC739198936,237.5,E
70004563,PAX1341719207,LOC119909562, TIC648152723,237.5,E
70004563,PAX1877918360,LOC119909562, TIC47927554,237.5,E
70004563,PAX105180278,LOC119909562, TIC327404638,237.5,E
70004563,PAX509542799,LOC119909562, TIC1684227513,237.5,E
70004563,PAX1160695074,LOC119909562, TIC1626494973,237.5,E
70004563,PAX1769535164,LOC119909562, TIC1562769475,237.5,E
70004563,PAX1059969882,LOC119909562, TIC1610288017,237.5,E
70004563,PAX1612209826,LOC119909562, TIC2057199276,237.5,E
70004563,PAX1096443883,LOC119909562, TIC602887326,237.5,E
70004563,PAX16524999,LOC119909562, TIC951838282,237.5,E
70004563,PAX679973705,LOC1136695631, TIC1253667557,337.5,E
70004563,PAX1434386532,LOC1136695631, TIC965775391,337.5,E
70004563,PAX242166318,LOC1136695631, TIC859174480,337.5,E
70004563,PAX1985044681,LOC1136695631, TIC268401174,337.5,E
70004563,PAX453295341,LOC1136695631, TIC1357726669,337.5,E
70004563,PAX1689878566,LOC1948657215, TIC104325028,375.0,E
70004568,PAX1689878566,LOC1948657215, TIC613130109,375.0,E
70004563,PAX1321849355,LOC1948657215, TIC1711865269,375.0,E
70004568,PAX1321849355,LOC1948657215, TIC382017639,375.0,E
70004563,PAX2043663023,LOC1948657215, TIC228855379,375.0,E
70004568,PAX2043663023,LOC1948657215, TIC1131833768,375.0,E
70004563,PAX2127400051,LOC1948657215, TIC1198228350,375.0,E
70004568,PAX2127400051,LOC1948657215, TIC1403940506,375.0,E
70004563,PAX1966724052,LOC1948657215, TIC1210142739,375.0,E
70004568,PAX1966724052,LOC1948657215, TIC66987923,375.0,E
70004563,PAX481917563,LOC1948657215, TIC703822733,375.0,E
70004568,PAX481917563,LOC1948657215, TIC1380939963,375.0,E
70004563,PAX594167931,LOC1948657215, TIC889921115,375.0,E
70004568,PAX594167931,LOC1948657215, TIC1886155909,375.0,E
70004563,PAX1854734158,LOC1948657215, TIC613403787,375.0,E
70004568,PAX1854734158,LOC1948657215, TIC348742036,375.0,E
70004563,PAX382475558,LOC1948657215, TIC99770604,375.0,E
70004568,PAX382475558,LOC1948657215, TIC1198089503,375.0,E
70004563,PAX1186308518,LOC1293292193, TIC1237169015,375.0,E
70004563,PAX695410677,LOC1293292193, TIC1990806927,375.0,E
70004563,PAX1600580735,LOC1293292193, TIC238040179,375.0,E
70004563,PAX1561940883,LOC1293292193, TIC559530628,375.0,E
70004563,PAX333474985,LOC1293292193, TIC1475043355,375.0,E
70004563,PAX444362786,LOC1293292193, TIC1136800694,375.0,E
70004563,PAX473514037,LOC1293292193, TIC2101875596,375.0,E
70004563,PAX1808888823,LOC1293292193, TIC1836274023,375.0,E
70004563,PAX1145459648,LOC1293292193, TIC1744041841,375.0,E
70004564,PAX1540057565,LOC1460778449, TIC1218952153,237.5,E
70004564,PAX1433085020,LOC1460778449, TIC2087145037,237.5,E
70004564,PAX1168736179,LOC1460778449, TIC1762767139,237.5,E
70004564,PAX1510559348,LOC1460778449, TIC2017528123,237.5,E
70004564,PAX2105735103,LOC1460778449, TIC847049477,237.5,E
70004564,PAX1742104485,LOC1460778449, TIC311509070,237.5,E
70004564,PAX431686412,LOC1460778449, TIC1275689083,237.5,E
70004564,PAX451113245,LOC1460778449, TIC1118098416,237.5,E
70004564,PAX323036184,LOC1460778449, TIC112894531,237.5,E
70004564,PAX425314581,LOC1460778449, TIC2109173161,237.5,E
70004564,PAX565565066,LOC1460778449, TIC1684818895,237.5,E
70004564,PAX1811138154,LOC1460778449, TIC288841745,237.5,E
70004564,PAX1298586458,LOC1460778449, TIC821252160,237.5,E
70004564,PAX43998978,LOC1460778449, TIC1273141875,237.5,E
70004564,PAX1221560594,LOC1460778449, TIC827633368,237.5,E
70004564,PAX2112433642,LOC1460778449, TIC1231721458,237.5,E
70004564,PAX1658728329,LOC1460778449, TIC1795901657,237.5,E
70004564,PAX1592098077,LOC1460778449, TIC1883539305,237.5,E
70004564,PAX669957187,LOC1460778449, TIC1978062200,237.5,E
70004564,PAX1096869670,LOC1460778449, TIC606263748,237.5,E
70004564,PAX2143645630,LOC1460778449, TIC1251096901,237.5,E
70004564,PAX1962900616,LOC1460778449, TIC545264315,237.5,E
70004564,PAX1082266785,LOC1460778449, TIC1500213832,237.5,E
70004564,PAX1930878269,LOC1460778449, TIC611704450,237.5,E
70004564,PAX867970695,LOC1460778449, TIC1805979849,237.5,E
70004564,PAX1039145608,LOC1460778449, TIC1839830525,237.5,E
70004564,PAX1061811321,LOC1460778449, TIC1255273023,237.5,E
70004564,PAX36854240,LOC1460778449, TIC958150120,237.5,E
70004564,PAX1769645352,LOC1460778449, TIC802052704,237.5,E
70004564,PAX1850791662,LOC1460778449, TIC1190414883,237.5,E
70004564,PAX1664848837,LOC1460778449, TIC2086975999,237.5,E
70004564,PAX994566401,LOC1460778449, TIC1168269052,237.5,E
70004564,PAX1148880918,LOC1460778449, TIC698290717,237.5,E
70004564,PAX2041850975,LOC1460778449, TIC448458040,237.5,E
70004564,PAX1321952320,LOC1460778449, TIC994207547,237.5,E
70004564,PAX905297057,LOC1460778449, TIC659831877,237.5,E
70004564,PAX1837619083,LOC1460778449, TIC1095314463,237.5,E
70004564,PAX817575326,LOC1460778449, TIC1093688160,237.5,E
70004564,PAX876898755,LOC1460778449, TIC50936527,237.5,E
70004564,PAX1780368278,LOC1305809848, TIC1121580166,312.5,E
70004564,PAX1886033271,LOC1305809848, TIC1183934913,312.5,E
70004564,PAX34597641,LOC1305809848, TIC1694666462,312.5,E
70004564,PAX1214498157,LOC1305809848, TIC687388477,312.5,E
70004564,PAX255972960,LOC1305809848, TIC1805862075,312.5,E
70004564,PAX88621339,LOC1305809848, TIC2094013188,312.5,E
70004564,PAX1614899706,LOC1305809848, TIC927687335,312.5,E
70004564,PAX801509294,LOC1305809848, TIC183885903,312.5,E
70004564,PAX1171822164,LOC1305809848, TIC1919325908,312.5,E
70004564,PAX1725543796,LOC1305809848, TIC2027830998,312.5,E
70004564,PAX22485515,LOC1305809848, TIC1381213970,312.5,E
70004564,PAX1856972473,LOC1305809848, TIC1080332561,312.5,E
70004564,PAX1150686369,LOC1305809848, TIC1010401679,312.5,E
70004564,PAX822274914,LOC1408237171, TIC421718698,237.5,E
70004564,PAX218342534,LOC1408237171, TIC45678304,237.5,E
70004564,PAX1416205491,LOC1408237171, TIC288268563,237.5,E
70004564,PAX386884176,LOC1408237171, TIC1974402801,237.5,E
70004564,PAX2051839223,LOC1408237171, TIC1611529567,237.5,E
70004564,PAX304394344,LOC1408237171, TIC1672299198,237.5,E
70004564,PAX2065841034,LOC1408237171, TIC763207830,237.5,E
70004564,PAX15459932,LOC1408237171, TIC1464528173,237.5,E
70004564,PAX927071406,LOC1408237171, TIC290710681,237.5,E
70004564,PAX741235625,LOC1408237171, TIC808473109,237.5,E
70004564,PAX1085715935,LOC1408237171, TIC1922619337,237.5,E
70004564,PAX650237461,LOC1408237171, TIC1103348055,237.5,E
70004564,PAX183818340,LOC1408237171, TIC329430102,237.5,E
70004564,PAX225832834,LOC1408237171, TIC514431696,237.5,E
70004564,PAX1866187824,LOC1408237171, TIC1770949983,237.5,E
70004564,PAX76872140,LOC1408237171, TIC1551089054,237.5,E
70004564,PAX304821563,LOC1408237171, TIC636958689,237.5,E
70004564,PAX1441683915,LOC1408237171, TIC1747086224,237.5,E
70004564,PAX319800584,LOC1408237171, TIC1056905896,237.5,E
70004564,PAX1387466022,LOC1408237171, TIC545288226,237.5,E
70004564,PAX2070005616,LOC1257915641, TIC132896845,312.5,E
70004564,PAX1265587381,LOC1257915641, TIC1365399580,312.5,E
70004564,PAX1771568076,LOC1257915641, TIC648785260,312.5,E
70004564,PAX280286528,LOC1257915641, TIC1362837493,312.5,E
70004564,PAX980241285,LOC1257915641, TIC567654020,312.5,E
70004564,PAX1360719725,LOC1257915641, TIC538753513,312.5,E
70004564,PAX1861588935,LOC1257915641, TIC1832260459,312.5,E
70004564,PAX1957573003,LOC241458516, TIC396144431,375.0,E
70004571,PAX1957573003,LOC241458516, TIC31054450,375.0,E
70004564,PAX568450391,LOC241458516, TIC1785165429,375.0,E
70004571,PAX568450391,LOC241458516, TIC500813682,375.0,E
70004564,PAX1538241065,LOC241458516, TIC1882071802,375.0,E
70004571,PAX1538241065,LOC241458516, TIC2052651096,375.0,E
70004564,PAX1049374468,LOC241458516, TIC1143241241,375.0,E
70004571,PAX1049374468,LOC241458516, TIC225454487,375.0,E
70004564,PAX321558868,LOC241458516, TIC1778618996,375.0,E
70004571,PAX321558868,LOC241458516, TIC1637549345,375.0,E
70004564,PAX1001164767,LOC241458516, TIC1250240329,375.0,E
70004571,PAX1001164767,LOC241458516, TIC1921981164,375.0,E
70004564,PAX133975221,LOC241458516, TIC1559905490,375.0,E
70004571,PAX133975221,LOC241458516, TIC1152148634,375.0,E
70004564,PAX1938670161,LOC241458516, TIC573861782,375.0,E
70004571,PAX1938670161,LOC241458516, TIC338377856,375.0,E
70004564,PAX2012589898,LOC241458516, TIC592849839,375.0,E
70004571,PAX2012589898,LOC241458516, TIC1467607348,375.0,E
70004564,PAX1248486054,LOC241458516, TIC1697741716,375.0,E
70004571,PAX1248486054,LOC241458516, TIC463260907,375.0,E
70004564,PAX1519806774,LOC241458516, TIC1513002628,375.0,E
70004571,PAX1519806774,LOC241458516, TIC323870733,375.0,E
70004564,PAX1991878056,LOC241458516, TIC10773867,375.0,E
70004571,PAX1991878056,LOC241458516, TIC2019063344,375.0,E
70004564,PAX189089273,LOC241458516, TIC1721971623,375.0,E
70004571,PAX189089273,LOC241458516, TIC1825060029,375.0,E
70004564,PAX655904239,LOC241458516, TIC1937389638,375.0,E
70004571,PAX655904239,LOC241458516, TIC565303658,375.0,E
70004564,PAX1926515611,LOC241458516, TIC1812693829,375.0,E
70004571,PAX1926515611,LOC241458516, TIC119739104,375.0,E
70004564,PAX1214113229,LOC1241496078, TIC875361296,375.0,E
70004564,PAX508606799,LOC1241496078, TIC1947155164,375.0,E
70004564,PAX1654810322,LOC1241496078, TIC712260234,375.0,E
70004564,PAX903725229,LOC1241496078, TIC901759322,375.0,E
70004564,PAX2140818670,LOC1241496078, TIC697410167,375.0,E
70004564,PAX225258177,LOC1241496078, TIC1687222602,375.0,E
70004564,PAX715774281,LOC1241496078, TIC272433717,375.0,E
70004564,PAX998106148,LOC1241496078, TIC1110391210,375.0,E
70004564,PAX1309396049,LOC1241496078, TIC737243730,375.0,E
70004564,PAX1849432287,LOC1241496078, TIC1433516392,375.0,E
70004564,PAX910485731,LOC1241496078, TIC1061517282,375.0,E
70004564,PAX1990981516,LOC1241496078, TIC1350289765,375.0,E
70004564,PAX567108292,LOC1241496078, TIC1363317120,375.0,E
70004564,PAX651868154,LOC1241496078, TIC488266833,375.0,E
70004564,PAX1215618048,LOC1241496078, TIC765644115,375.0,E
70004567,PAX1497804605,LOC1655881495, TIC1576320337,237.5,E
70004567,PAX1756518553,LOC1655881495, TIC1193314534,237.5,E
70004567,PAX1783478779,LOC1655881495, TIC1489661307,237.5,E
70004567,PAX862892237,LOC1655881495, TIC577277246,237.5,E
70004567,PAX1917489017,LOC1655881495, TIC1955791889,237.5,E
70004567,PAX1161172598,LOC1655881495, TIC1050894753,237.5,E
70004567,PAX1289544475,LOC1655881495, TIC401486064,237.5,E
70004567,PAX1911924491,LOC1655881495, TIC338731263,237.5,E
70004567,PAX719089676,LOC1655881495, TIC921896196,237.5,E
70004567,PAX1202984498,LOC1655881495, TIC1188034805,237.5,E
70004567,PAX174429810,LOC1655881495, TIC662514287,237.5,E
70004567,PAX536365971,LOC1655881495, TIC947306640,237.5,E
70004567,PAX1396386995,LOC1655881495, TIC73703599,237.5,E
70004567,PAX26517575,LOC1655881495, TIC217104667,237.5,E
70004567,PAX1954604853,LOC1655881495, TIC205952591,237.5,E
70004567,PAX1757301845,LOC1655881495, TIC300525373,237.5,E
70004567,PAX199336760,LOC1655881495, TIC1875837331,237.5,E
70004567,PAX25127658,LOC1655881495, TIC695428249,237.5,E
70004567,PAX1706749761,LOC1655881495, TIC343478259,237.5,E
70004567,PAX136119850,LOC1655881495, TIC534698299,237.5,E
70004567,PAX1778465299,LOC1655881495, TIC887299995,237.5,E
70004567,PAX855882814,LOC1655881495, TIC1523801182,237.5,E
70004567,PAX148201822,LOC1655881495, TIC1537860175,237.5,E
70004567,PAX227062766,LOC1655881495, TIC515089552,237.5,E
70004567,PAX594460900,LOC1655881495, TIC1138494050,237.5,E
70004567,PAX1360790378,LOC1655881495, TIC1597150690,237.5,E
70004567,PAX1021642303,LOC1655881495, TIC1735881464,237.5,E
70004567,PAX1245524564,LOC1655881495, TIC990873249,237.5,E
70004567,PAX869019938,LOC1655881495, TIC1118508547,237.5,E
70004567,PAX988960808,LOC1655881495, TIC1702780234,237.5,E
70004567,PAX438226170,LOC1655881495, TIC1973422065,237.5,E
70004567,PAX777989348,LOC1655881495, TIC50464934,237.5,E
70004567,PAX37544653,LOC1655881495, TIC1055846359,237.5,E
70004567,PAX1955159430,LOC1655881495, TIC1409849034,237.5,E
70004567,PAX879092919,LOC1655881495, TIC419810113,237.5,E
70004567,PAX708805522,LOC1655881495, TIC73258631,237.5,E
70004567,PAX1414634496,LOC1655881495, TIC1198799364,237.5,E
70004567,PAX806113187,LOC1655881495, TIC393731153,237.5,E
70004567,PAX271400081,LOC1655881495, TIC238175786,237.5,E
70004567,PAX1896069064,LOC1655881495, TIC1841321049,237.5,E
70004567,PAX1509764723,LOC1655881495, TIC1398566787,237.5,E
70004567,PAX1845268366,LOC1655881495, TIC948980917,237.5,E
70004567,PAX1687582739,LOC1655881495, TIC1564970749,237.5,E
70004567,PAX51425280,LOC1655881495, TIC1816584137,237.5,E
70004567,PAX1524397870,LOC1655881495, TIC285256357,237.5,E
70004567,PAX1790104887,LOC1655881495, TIC43891825,237.5,E
70004567,PAX1850766302,LOC1655881495, TIC1550652075,237.5,E
70004567,PAX1162210314,LOC1655881495, TIC687077774,237.5,E
70004567,PAX1819603591,LOC1655881495, TIC600819970,237.5,E
70004567,PAX1709929343,LOC1655881495, TIC792571404,237.5,E
70004567,PAX824062448,LOC1655881495, TIC1304462234,237.5,E
70004567,PAX1661481041,LOC1655881495, TIC611237040,237.5,E
70004567,PAX353264438,LOC1655881495, TIC1507662420,237.5,E
70004567,PAX647138264,LOC1655881495, TIC103217118,237.5,E
70004567,PAX1565250163,LOC1655881495, TIC969975948,237.5,E
70004567,PAX442784512,LOC1655881495, TIC1418405123,237.5,E
70004567,PAX411265824,LOC1655881495, TIC1422348545,237.5,E
70004567,PAX1925429223,LOC1655881495, TIC20524490,237.5,E
70004567,PAX1856279673,LOC1655881495, TIC1168140423,237.5,E
70004567,PAX1067632920,LOC1655881495, TIC2119008303,237.5,E
70004567,PAX1275916541,LOC1655881495, TIC659007409,237.5,E
70004567,PAX934882318,LOC1655881495, TIC2030931300,237.5,E
70004567,PAX788610797,LOC1655881495, TIC236173821,237.5,E
70004567,PAX1242980753,LOC1655881495, TIC1934407927,237.5,E
70004567,PAX823093993,LOC1655881495, TIC1446226585,237.5,E
70004567,PAX44748221,LOC1655881495, TIC1214238944,237.5,E
70004567,PAX2005697527,LOC1655881495, TIC1848968073,237.5,E
70004567,PAX1108439532,LOC1655881495, TIC757767732,237.5,E
70004567,PAX755101779,LOC1655881495, TIC1628260438,237.5,E
70004567,PAX784100888,LOC1655881495, TIC1014743988,237.5,E
70004567,PAX467818950,LOC1655881495, TIC650602485,237.5,E
70004567,PAX1802182991,LOC1655881495, TIC197677258,237.5,E
70004567,PAX369616338,LOC1655881495, TIC1081698129,237.5,E
70004567,PAX1364410525,LOC1655881495, TIC1902667619,237.5,E
70004567,PAX1318029081,LOC1655881495, TIC95808636,237.5,E
70004567,PAX544414827,LOC1655881495, TIC515397476,237.5,E
70004567,PAX1872444303,LOC1655881495, TIC20653748,237.5,E
70004567,PAX898852788,LOC1655881495, TIC1008490035,237.5,E
70004567,PAX1432131072,LOC1655881495, TIC26350309,237.5,E
70004567,PAX1422832319,LOC1655881495, TIC47094732,237.5,E
70004567,PAX1852532850,LOC1655881495, TIC498418847,237.5,E
70004567,PAX1918517609,LOC1655881495, TIC673575840,237.5,E
70004567,PAX576918312,LOC1655881495, TIC1082742544,237.5,E
70004567,PAX847790550,LOC1655881495, TIC1961202306,237.5,E
70004567,PAX790908724,LOC1655881495, TIC727244634,237.5,E
70004567,PAX1719924266,LOC1655881495, TIC968780778,237.5,E
70004567,PAX1702663118,LOC1655881495, TIC1454799400,237.5,E
70004567,PAX1217660926,LOC1655881495, TIC205061520,237.5,E
70004567,PAX548945875,LOC1655881495, TIC525158482,237.5,E
70004567,PAX1082636134,LOC1655881495, TIC1038570264,237.5,E
70004567,PAX1001676020,LOC1655881495, TIC1674393964,237.5,E
70004567,PAX182682636,LOC1655881495, TIC1249618611,237.5,E
70004567,PAX1164833632,LOC1655881495, TIC816080955,237.5,E
70004567,PAX1925341688,LOC1655881495, TIC524070238,237.5,E
70004567,PAX2094156656,LOC1655881495, TIC1342814126,237.5,E
70004567,PAX589046809,LOC1655881495, TIC368287570,237.5,E
70004567,PAX571297032,LOC1655881495, TIC1790208857,237.5,E
70004567,PAX1082690817,LOC1655881495, TIC1676033712,237.5,E
70004567,PAX1760141806,LOC1655881495, TIC1546540564,237.5,E
70004567,PAX1513253423,LOC1655881495, TIC1618207327,237.5,E
70004567,PAX326739265,LOC1655881495, TIC1656053101,237.5,E
70004567,PAX557818292,LOC1655881495, TIC2058892984,237.5,E
70004567,PAX331995109,LOC1655881495, TIC1124983245,237.5,E
70004567,PAX424305075,LOC1655881495, TIC1168711940,237.5,E
70004567,PAX1396302538,LOC1655881495, TIC117279822,237.5,E
70004567,PAX1324297844,LOC1655881495, TIC1634175659,237.5,E
70004567,PAX938735112,LOC1655881495, TIC614600926,237.5,E
70004567,PAX1946144901,LOC1655881495, TIC153765820,237.5,E
70004567,PAX364075746,LOC1655881495, TIC2110336696,237.5,E
70004567,PAX2054211162,LOC1655881495, TIC680999300,237.5,E
70004567,PAX721087465,LOC1655881495, TIC1472403702,237.5,E
70004567,PAX862395399,LOC1655881495, TIC1613226115,237.5,E
70004567,PAX1097643470,LOC1655881495, TIC435927000,237.5,E
70004567,PAX823966283,LOC1655881495, TIC506098773,237.5,E
70004567,PAX1900229264,LOC1655881495, TIC1343372294,237.5,E
70004567,PAX882257495,LOC1655881495, TIC1111529715,237.5,E
70004567,PAX1205364815,LOC1655881495, TIC531100143,237.5,E
70004567,PAX859364974,LOC1655881495, TIC1827694333,237.5,E
70004567,PAX378585113,LOC1655881495, TIC1751074394,237.5,E
70004567,PAX322564861,LOC1655881495, TIC392736531,237.5,E
70004567,PAX2116539969,LOC1655881495, TIC390287758,237.5,E
70004567,PAX946739458,LOC1655881495, TIC1228395921,237.5,E
70004567,PAX311678793,LOC1655881495, TIC861907645,237.5,E
70004567,PAX480765728,LOC1655881495, TIC2087363425,237.5,E
70004567,PAX1017200776,LOC1655881495, TIC625192504,237.5,E
70004567,PAX103340595,LOC1655881495, TIC869419580,237.5,E
70004567,PAX272075213,LOC1655881495, TIC508986503,237.5,E
70004567,PAX488047978,LOC1655881495, TIC1808680316,237.5,E
70004567,PAX888636607,LOC1655881495, TIC1394926715,237.5,E
70004567,PAX2088866152,LOC1655881495, TIC2002992781,237.5,E
70004567,PAX66600279,LOC1655881495, TIC385143800,237.5,E
70004567,PAX1385468895,LOC1655881495, TIC2013420645,237.5,E
70004567,PAX2060818190,LOC1655881495, TIC231540783,237.5,E
70004567,PAX190785717,LOC1655881495, TIC89240589,237.5,E
70004567,PAX441578294,LOC1010201110, TIC1218807694,387.5,E
70004567,PAX1919492299,LOC1010201110, TIC1112886614,387.5,E
70004567,PAX162258390,LOC1010201110, TIC1324713230,387.5,E
70004567,PAX587706221,LOC1010201110, TIC1971169313,387.5,E
70004567,PAX2115277483,LOC1010201110, TIC1916588097,387.5,E
70004567,PAX991531853,LOC1010201110, TIC397286169,387.5,E
70004567,PAX530599748,LOC1010201110, TIC472392665,387.5,E
70004567,PAX827102088,LOC1010201110, TIC518498955,387.5,E
70004567,PAX385062385,LOC342308994, TIC1108105583,237.5,E
70004567,PAX925431201,LOC342308994, TIC1922218196,237.5,E
70004567,PAX431590544,LOC342308994, TIC1031078602,237.5,E
70004567,PAX810117067,LOC342308994, TIC1439306768,237.5,E
70004567,PAX1491803489,LOC342308994, TIC695473078,237.5,E
70004567,PAX1745478913,LOC342308994, TIC446198193,237.5,E
70004567,PAX1219195037,LOC342308994, TIC767917695,237.5,E
70004567,PAX1746301580,LOC342308994, TIC1835680455,237.5,E
70004567,PAX833550545,LOC342308994, TIC1621036117,237.5,E
70004567,PAX1948819117,LOC342308994, TIC415759871,237.5,E
70004567,PAX887387420,LOC342308994, TIC1902985903,237.5,E
70004567,PAX1351784144,LOC342308994, TIC527073152,237.5,E
70004567,PAX1911827605,LOC342308994, TIC2136883631,237.5,E
70004568,PAX729650154,LOC409828460, TIC1423975549,237.5,E
70004568,PAX1313618397,LOC409828460, TIC3996981,237.5,E
70004568,PAX1092980293,LOC409828460, TIC268543252,237.5,E
70004568,PAX2074591850,LOC409828460, TIC215702429,237.5,E
70004568,PAX785887505,LOC409828460, TIC1425500060,237.5,E
70004568,PAX794640694,LOC409828460, TIC717079693,237.5,E
70004568,PAX1019764838,LOC409828460, TIC393168248,237.5,E
70004568,PAX267457471,LOC409828460, TIC1252668477,237.5,E
70004568,PAX1501052289,LOC409828460, TIC1549049810,237.5,E
70004568,PAX1643723435,LOC409828460, TIC2043243663,237.5,E
70004568,PAX93068497,LOC409828460, TIC1788395684,237.5,E
70004568,PAX200095720,LOC409828460, TIC267807666,237.5,E
70004568,PAX796675803,LOC409828460, TIC1330356894,237.5,E
70004568,PAX380659135,LOC409828460, TIC2040693087,237.5,E
70004568,PAX555813736,LOC409828460, TIC273721196,237.5,E
70004568,PAX2067606727,LOC409828460, TIC1227860182,237.5,E
70004568,PAX28003348,LOC409828460, TIC1921141102,237.5,E
70004568,PAX2045948122,LOC409828460, TIC300139220,237.5,E
70004568,PAX735234946,LOC409828460, TIC943689765,237.5,E
70004568,PAX928122528,LOC409828460, TIC125666405,237.5,E
70004568,PAX1080160407,LOC409828460, TIC1126773351,237.5,E
70004568,PAX427890360,LOC409828460, TIC47207275,237.5,E
70004568,PAX593264061,LOC409828460, TIC1599678171,237.5,E
70004568,PAX1997779949,LOC409828460, TIC1188988272,237.5,E
70004568,PAX301158958,LOC409828460, TIC1852674557,237.5,E
70004568,PAX619808937,LOC409828460, TIC1077673668,237.5,E
70004568,PAX1011179441,LOC409828460, TIC511992827,237.5,E
70004568,PAX864491063,LOC409828460, TIC160021949,237.5,E
70004568,PAX1412332948,LOC409828460, TIC84082315,237.5,E
70004568,PAX1666632414,LOC409828460, TIC93316336,237.5,E
70004568,PAX92198713,LOC409828460, TIC103412179,237.5,E
70004568,PAX720790054,LOC409828460, TIC551651246,237.5,E
70004568,PAX1713968145,LOC409828460, TIC1948309693,237.5,E
70004568,PAX2039949415,LOC409828460, TIC2116427139,237.5,E
70004568,PAX1078435570,LOC409828460, TIC54089047,237.5,E
70004568,PAX1027895529,LOC409828460, TIC884685561,237.5,E
70004568,PAX1673522235,LOC409828460, TIC171776983,237.5,E
70004568,PAX779749347,LOC409828460, TIC2616050,237.5,E
70004568,PAX1668301432,LOC409828460, TIC1775478223,237.5,E
70004568,PAX577378721,LOC409828460, TIC1050285748,237.5,E
70004568,PAX21648089,LOC409828460, TIC248963809,237.5,E
70004568,PAX445253272,LOC409828460, TIC1437334607,237.5,E
70004568,PAX1934461724,LOC409828460, TIC1268406699,237.5,E
70004568,PAX1200975530,LOC409828460, TIC783543410,237.5,E
70004568,PAX1712634745,LOC409828460, TIC725242615,237.5,E
70004568,PAX1544088820,LOC409828460, TIC1189386339,237.5,E
70004568,PAX1642371044,LOC409828460, TIC1267098030,237.5,E
70004568,PAX1477148302,LOC409828460, TIC1048188543,237.5,E
70004568,PAX650198865,LOC409828460, TIC1443686369,237.5,E
70004568,PAX1155624384,LOC409828460, TIC1143971234,237.5,E
70004568,PAX446833243,LOC409828460, TIC1491346886,237.5,E
70004568,PAX917329563,LOC409828460, TIC774840838,237.5,E
70004568,PAX121161509,LOC409828460, TIC1167354841,237.5,E
70004568,PAX162080254,LOC409828460, TIC1754550099,237.5,E
70004568,PAX1330167069,LOC409828460, TIC351249957,237.5,E
70004568,PAX739645575,LOC409828460, TIC489660326,237.5,E
70004568,PAX60567451,LOC409828460, TIC650158554,237.5,E
70004568,PAX1052875551,LOC409828460, TIC876881821,237.5,E
70004568,PAX705441094,LOC409828460, TIC1259624291,237.5,E
70004568,PAX165065566,LOC409828460, TIC537532896,237.5,E
70004568,PAX68629447,LOC409828460, TIC155627332,237.5,E
70004568,PAX229846497,LOC409828460, TIC1422525354,237.5,E
70004568,PAX188271103,LOC409828460, TIC1522521137,237.5,E
70004568,PAX500255250,LOC409828460, TIC981664391,237.5,E
70004568,PAX448619170,LOC409828460, TIC1904578367,237.5,E
70004568,PAX214673855,LOC409828460, TIC834127570,237.5,E
70004568,PAX273296109,LOC409828460, TIC1636392935,237.5,E
70004568,PAX1042165148,LOC409828460, TIC1008025110,237.5,E
70004568,PAX1579879431,LOC409828460, TIC822975561,237.5,E
70004568,PAX536588676,LOC409828460, TIC917812788,237.5,E
70004568,PAX1271180347,LOC409828460, TIC202133324,237.5,E
70004568,PAX457369063,LOC409828460, TIC1445094240,237.5,E
70004568,PAX316595515,LOC409828460, TIC1287521157,237.5,E
70004568,PAX999753839,LOC409828460, TIC746769684,237.5,E
70004568,PAX2106708144,LOC409828460, TIC314493372,237.5,E
70004568,PAX603005151,LOC409828460, TIC754739515,237.5,E
70004568,PAX1812515539,LOC409828460, TIC1854566620,237.5,E
70004568,PAX490526180,LOC409828460, TIC996567245,237.5,E
70004568,PAX1429551756,LOC409828460, TIC727288966,237.5,E
70004568,PAX495174149,LOC409828460, TIC2144844152,237.5,E
70004568,PAX1891538523,LOC409828460, TIC1655957112,237.5,E
70004568,PAX721285314,LOC409828460, TIC1548274279,237.5,E
70004568,PAX1324373160,LOC409828460, TIC666234236,237.5,E
70004568,PAX1297971986,LOC409828460, TIC420222281,237.5,E
70004568,PAX2059469957,LOC409828460, TIC962495062,237.5,E
70004568,PAX699999152,LOC409828460, TIC613847022,237.5,E
70004568,PAX1797129713,LOC409828460, TIC963612164,237.5,E
70004568,PAX167395026,LOC409828460, TIC537422662,237.5,E
70004568,PAX1506590890,LOC409828460, TIC211738901,237.5,E
70004568,PAX635288286,LOC409828460, TIC825026293,237.5,E
70004568,PAX140480131,LOC409828460, TIC765722125,237.5,E
70004568,PAX1055355994,LOC409828460, TIC970981604,237.5,E
70004568,PAX830452729,LOC409828460, TIC157233807,237.5,E
70004568,PAX603090741,LOC409828460, TIC800953505,237.5,E
70004568,PAX333468472,LOC409828460, TIC2003588144,237.5,E
70004568,PAX1706483717,LOC409828460, TIC2082617544,237.5,E
70004568,PAX1280883166,LOC409828460, TIC377531744,237.5,E
70004568,PAX946793741,LOC409828460, TIC411959267,237.5,E
70004568,PAX1924044577,LOC409828460, TIC199661878,237.5,E
70004568,PAX1433654897,LOC205391696, TIC1477844063,312.5,E
70004568,PAX134590128,LOC205391696, TIC1811064348,312.5,E
70004568,PAX526946614,LOC205391696, TIC1772616585,312.5,E
70004568,PAX321936936,LOC205391696, TIC1612966998,312.5,E
70004568,PAX1561702251,LOC205391696, TIC1668745315,312.5,E
70004568,PAX865499045,LOC205391696, TIC200762309,312.5,E
70004568,PAX765026290,LOC205391696, TIC1526544484,312.5,E
70004568,PAX731475999,LOC205391696, TIC2045835894,312.5,E
70004568,PAX1556918226,LOC205391696, TIC1806500545,312.5,E
70004568,PAX1448259416,LOC205391696, TIC128750006,312.5,E
70004568,PAX763481007,LOC205391696, TIC2129606894,312.5,E
70004568,PAX717238845,LOC205391696, TIC2025419098,312.5,E
70004568,PAX1563285952,LOC1787007566, TIC1169348417,237.5,E
70004568,PAX1839233881,LOC1787007566, TIC514602783,237.5,E
70004568,PAX1838623715,LOC1787007566, TIC1644338245,237.5,E
70004568,PAX365106743,LOC1787007566, TIC1178752044,237.5,E
70004568,PAX1051903230,LOC1787007566, TIC927993375,237.5,E
70004568,PAX380086469,LOC1787007566, TIC813912759,237.5,E
70004568,PAX818428311,LOC1787007566, TIC1046632393,237.5,E
70004568,PAX133162999,LOC1787007566, TIC628251142,237.5,E
70004568,PAX914975059,LOC1787007566, TIC1808145670,237.5,E
70004568,PAX1940602490,LOC1787007566, TIC847469336,237.5,E
70004568,PAX129083159,LOC1787007566, TIC188282532,237.5,E
70004568,PAX2109660937,LOC1787007566, TIC743627451,237.5,E
70004568,PAX1137208548,LOC1787007566, TIC861710092,237.5,E
70004568,PAX1908094990,LOC1787007566, TIC100585122,237.5,E
70004568,PAX408186877,LOC1787007566, TIC2117124434,237.5,E
70004568,PAX1636666869,LOC1787007566, TIC1337805274,237.5,E
70004568,PAX1701591011,LOC1787007566, TIC1361900791,237.5,E
70004568,PAX989695061,LOC1787007566, TIC920145886,237.5,E
70004568,PAX167097001,LOC1787007566, TIC1441117091,237.5,E
70004568,PAX453468959,LOC1787007566, TIC204787263,237.5,E
70004568,PAX1634641517,LOC1787007566, TIC652682131,237.5,E
70004568,PAX1747399229,LOC1787007566, TIC449339329,237.5,E
70004568,PAX1628171299,LOC1787007566, TIC609620581,237.5,E
70004568,PAX407453499,LOC1787007566, TIC903380995,237.5,E
70004568,PAX319269393,LOC1787007566, TIC1568388045,237.5,E
70004568,PAX825899539,LOC1787007566, TIC950860218,237.5,E
70004568,PAX473065984,LOC1175425169, TIC1817444086,312.5,E
70004568,PAX1727658486,LOC1175425169, TIC1975565583,312.5,E
70004568,PAX1228708036,LOC1175425169, TIC960405934,312.5,E
70004568,PAX704740290,LOC1175425169, TIC2110090448,312.5,E
70004568,PAX1460479001,LOC1175425169, TIC1296808429,312.5,E
70004568,PAX761944812,LOC1175425169, TIC2008458092,312.5,E
70004568,PAX330933732,LOC1175425169, TIC50346358,312.5,E
70004568,PAX1380601001,LOC1175425169, TIC517513427,312.5,E
70004568,PAX2002360751,LOC1175425169, TIC2051480894,312.5,E
70004571,PAX568665035,LOC380081267, TIC1375291934,237.5,E
70004571,PAX1501629791,LOC380081267, TIC1126833637,237.5,E
70004571,PAX1833213498,LOC380081267, TIC307668313,237.5,E
70004571,PAX341450152,LOC380081267, TIC1724870480,237.5,E
70004571,PAX212842014,LOC380081267, TIC44065927,237.5,E
70004571,PAX1603542512,LOC380081267, TIC243827293,237.5,E
70004571,PAX60992940,LOC380081267, TIC976497847,237.5,E
70004571,PAX113965295,LOC380081267, TIC330347538,237.5,E
70004571,PAX1573469999,LOC380081267, TIC1293743535,237.5,E
70004571,PAX1960701461,LOC380081267, TIC2085667299,237.5,E
70004571,PAX623904940,LOC380081267, TIC1583728984,237.5,E
70004571,PAX1755833883,LOC380081267, TIC1389487075,237.5,E
70004571,PAX1440726605,LOC380081267, TIC2085635917,237.5,E
70004571,PAX834440954,LOC380081267, TIC1637018574,237.5,E
70004571,PAX2078029061,LOC380081267, TIC1796727918,237.5,E
70004571,PAX2112518158,LOC380081267, TIC1650165162,237.5,E
70004571,PAX8859640,LOC380081267, TIC1700557624,237.5,E
70004571,PAX1239963647,LOC380081267, TIC1496606766,237.5,E
70004571,PAX51312109,LOC380081267, TIC798847648,237.5,E
70004571,PAX889819977,LOC380081267, TIC816068343,237.5,E
70004571,PAX77041008,LOC380081267, TIC1264587577,237.5,E
70004571,PAX1046210605,LOC380081267, TIC1744991316,237.5,E
70004571,PAX162138368,LOC380081267, TIC1845129762,237.5,E
70004571,PAX884110157,LOC380081267, TIC1725537807,237.5,E
70004571,PAX1613109741,LOC380081267, TIC1676076550,237.5,E
70004571,PAX752101026,LOC380081267, TIC2132311653,237.5,E
70004571,PAX1890310169,LOC380081267, TIC819906103,237.5,E
70004571,PAX1611758543,LOC380081267, TIC1969942517,237.5,E
70004571,PAX226836998,LOC380081267, TIC525566367,237.5,E
70004571,PAX1084958156,LOC380081267, TIC625842926,237.5,E
70004571,PAX285414468,LOC380081267, TIC1124195424,237.5,E
70004571,PAX2111362848,LOC380081267, TIC52937318,237.5,E
70004571,PAX892541707,LOC380081267, TIC1735251915,237.5,E
70004571,PAX979380248,LOC380081267, TIC1330872415,237.5,E
70004571,PAX541642495,LOC380081267, TIC1430226760,237.5,E
70004571,PAX1333894736,LOC380081267, TIC232236075,237.5,E
70004571,PAX1765445045,LOC380081267, TIC1290205841,237.5,E
70004571,PAX2000373540,LOC1531130179, TIC215354116,237.5,E
70004571,PAX143853049,LOC1531130179, TIC754891954,237.5,E
70004571,PAX1502688476,LOC1531130179, TIC65980729,237.5,E
70004571,PAX227343701,LOC1531130179, TIC1193643910,237.5,E
70004571,PAX1043665834,LOC1531130179, TIC1224872525,237.5,E
70004571,PAX1350129299,LOC1531130179, TIC1644216694,237.5,E
70004571,PAX1836791774,LOC1531130179, TIC1859679936,237.5,E
70004571,PAX1488687579,LOC1531130179, TIC1543483690,237.5,E
70004571,PAX1360627650,LOC1531130179, TIC306282319,237.5,E
70004571,PAX841944296,LOC1531130179, TIC1056351761,237.5,E
70004571,PAX1638076194,LOC1531130179, TIC1911459451,237.5,E
70004571,PAX1551768174,LOC1531130179, TIC2145384193,237.5,E
70004571,PAX301000028,LOC1531130179, TIC1727470463,237.5,E
70004571,PAX404986955,LOC1531130179, TIC231953835,237.5,E
70004571,PAX98323551,LOC1531130179, TIC1860371654,237.5,E
70004571,PAX333998218,LOC1531130179, TIC1923517103,237.5,E
70004571,PAX1593053647,LOC1531130179, TIC493734093,237.5,E
70004571,PAX1649785262,LOC1531130179, TIC1854647592,237.5,E
70004572,PAX1308335560,LOC1139266325, TIC1380640005,212.5,E
70004572,PAX624097494,LOC1139266325, TIC577281900,212.5,E
70004572,PAX969621256,LOC1139266325, TIC2085379001,212.5,E
70004572,PAX1946994464,LOC1139266325, TIC808808983,212.5,E
70004572,PAX1326560404,LOC1139266325, TIC1919049612,212.5,E
70004572,PAX853923804,LOC1139266325, TIC1962606337,212.5,E
70004572,PAX1894812783,LOC1139266325, TIC92800906,212.5,E
70004572,PAX216736517,LOC1139266325, TIC389767662,212.5,E
70004572,PAX208065509,LOC1139266325, TIC69034941,212.5,E
70004572,PAX1140985275,LOC1139266325, TIC131144006,212.5,E
70004572,PAX1488357894,LOC1139266325, TIC1490851766,212.5,E
70004572,PAX863771451,LOC1139266325, TIC1924548402,212.5,E
70004572,PAX1492948135,LOC1139266325, TIC1785585547,212.5,E
70004572,PAX612496644,LOC1139266325, TIC232501811,212.5,E
70004572,PAX423922440,LOC1139266325, TIC956593569,212.5,E
70004572,PAX1646768925,LOC1139266325, TIC721438952,212.5,E
70004572,PAX848238483,LOC1139266325, TIC1297191873,212.5,E
70004572,PAX552014830,LOC1139266325, TIC775186032,212.5,E
70004572,PAX797981572,LOC1139266325, TIC1865855194,212.5,E
70004572,PAX906231617,LOC1139266325, TIC1588686077,212.5,E
70004572,PAX709764056,LOC1139266325, TIC1122230972,212.5,E
70004572,PAX672432892,LOC1139266325, TIC777774197,212.5,E
70004572,PAX1951120993,LOC1139266325, TIC893787326,212.5,E
70004572,PAX1751320596,LOC1139266325, TIC7812033,212.5,E
70004572,PAX1399997730,LOC1139266325, TIC995696520,212.5,E
70004572,PAX666534594,LOC1139266325, TIC1475276968,212.5,E
70004572,PAX1192250110,LOC1139266325, TIC863219541,212.5,E
70004572,PAX1852009218,LOC1139266325, TIC577041497,212.5,E
70004572,PAX668808352,LOC1139266325, TIC1597187328,212.5,E
70004572,PAX1462885016,LOC1139266325, TIC1821957269,212.5,E
70004572,PAX643472551,LOC1139266325, TIC579768658,212.5,E
70004572,PAX1267696767,LOC1139266325, TIC1047133469,212.5,E
70004572,PAX694857082,LOC1139266325, TIC1956618571,212.5,E
70004572,PAX73671639,LOC1139266325, TIC1384412560,212.5,E
70004572,PAX538498087,LOC1139266325, TIC1265198564,212.5,E
70004572,PAX351262373,LOC1139266325, TIC200886379,212.5,E
70004572,PAX1207274081,LOC1139266325, TIC1120315619,212.5,E
70004572,PAX660624839,LOC1139266325, TIC249447660,212.5,E
70004572,PAX2038679179,LOC1139266325, TIC1292149833,212.5,E
70004572,PAX167317556,LOC1139266325, TIC641872423,212.5,E
70004572,PAX547061437,LOC1139266325, TIC508165506,212.5,E
70004572,PAX1428881855,LOC1139266325, TIC195292731,212.5,E
70004572,PAX272508232,LOC1139266325, TIC1969885618,212.5,E
70004572,PAX884061415,LOC1139266325, TIC1204217037,212.5,E
70004572,PAX304861472,LOC1139266325, TIC1219961360,212.5,E
70004572,PAX838353139,LOC1139266325, TIC1295865479,212.5,E
70004572,PAX1798645992,LOC1139266325, TIC464335569,212.5,E
70004572,PAX1748370094,LOC1139266325, TIC322700452,212.5,E
70004572,PAX1011413680,LOC1139266325, TIC242361279,212.5,E
70004572,PAX979387681,LOC1139266325, TIC1046252588,212.5,E
70004572,PAX1028810871,LOC1139266325, TIC2022042610,212.5,E
70004572,PAX498847583,LOC1139266325, TIC764493403,212.5,E
70004572,PAX287012089,LOC1139266325, TIC1690564532,212.5,E
70004572,PAX886496118,LOC1788769210, TIC1928800952,212.5,E
70004572,PAX914569227,LOC1788769210, TIC551135489,212.5,E
70004572,PAX89602635,LOC1788769210, TIC945060574,212.5,E
70004572,PAX1654024139,LOC1788769210, TIC1907685170,212.5,E
70004572,PAX2043389138,LOC1788769210, TIC853404611,212.5,E
70004572,PAX1439855330,LOC1788769210, TIC1285064396,212.5,E
70004572,PAX185515467,LOC1788769210, TIC1643587339,212.5,E
70004572,PAX1369953546,LOC1788769210, TIC1928274126,212.5,E
70004572,PAX1848956606,LOC1788769210, TIC1800815327,212.5,E
70004572,PAX380191128,LOC1788769210, TIC890027964,212.5,E
70004572,PAX113810883,LOC1788769210, TIC705372575,212.5,E
70004572,PAX396653165,LOC1788769210, TIC1315465951,212.5,E
70004572,PAX1295281933,LOC1788769210, TIC1560007667,212.5,E
70004572,PAX1882909955,LOC1788769210, TIC1587177519,212.5,E
70004572,PAX205093999,LOC1788769210, TIC261720735,212.5,E
70004572,PAX1249496286,LOC1788769210, TIC927533275,212.5,E
70004572,PAX1558164394,LOC1788769210, TIC43119054,212.5,E
70004572,PAX1377474597,LOC1788769210, TIC2105835577,212.5,E
70004572,PAX1680833751,LOC1788769210, TIC1286536331,212.5,E
70004572,PAX2073422214,LOC1788769210, TIC1325884431,212.5,E
70004572,PAX1029504801,LOC1788769210, TIC2106779003,212.5,E
70004572,PAX868008752,LOC1788769210, TIC536453622,212.5,E
70004564,PAX1125572110,LOC128922419, TIC23960852,637.5,E
70004571,PAX1125572110,LOC128922419, TIC742487443,637.5,E
70004572,PAX1125572110,LOC128922419, TIC1773799663,637.5,E
70004564,PAX1950080533,LOC128922419, TIC598550265,637.5,E
70004571,PAX1950080533,LOC128922419, TIC400746401,637.5,E
70004572,PAX1950080533,LOC128922419, TIC318574736,637.5,E
70004564,PAX471557186,LOC128922419, TIC788963959,637.5,E
70004571,PAX471557186,LOC128922419, TIC636879151,637.5,E
70004572,PAX471557186,LOC128922419, TIC181717876,637.5,E
70004564,PAX2033146960,LOC128922419, TIC32796714,637.5,E
70004571,PAX2033146960,LOC128922419, TIC579745132,637.5,E
70004572,PAX2033146960,LOC128922419, TIC727833834,637.5,E
70004564,PAX90591820,LOC128922419, TIC399648120,637.5,E
70004571,PAX90591820,LOC128922419, TIC1568719147,637.5,E
70004572,PAX90591820,LOC128922419, TIC22127027,637.5,E
70004564,PAX834852108,LOC128922419, TIC30908664,637.5,E
70004571,PAX834852108,LOC128922419, TIC724428515,637.5,E
70004572,PAX834852108,LOC128922419, TIC1844559099,637.5,E
70004564,PAX1587058856,LOC128922419, TIC78996592,637.5,E
70004571,PAX1587058856,LOC128922419, TIC2104204219,637.5,E
70004572,PAX1587058856,LOC128922419, TIC731472123,637.5,E
70004564,PAX496692925,LOC128922419, TIC264582110,637.5,E
70004571,PAX496692925,LOC128922419, TIC842961937,637.5,E
70004572,PAX496692925,LOC128922419, TIC1448110186,637.5,E
70004564,PAX1256402095,LOC128922419, TIC1602640532,637.5,E
70004571,PAX1256402095,LOC128922419, TIC898103931,637.5,E
70004572,PAX1256402095,LOC128922419, TIC2075064120,637.5,E
70004564,PAX1262284877,LOC128922419, TIC175576991,637.5,E
70004571,PAX1262284877,LOC128922419, TIC1132204680,637.5,E
70004572,PAX1262284877,LOC128922419, TIC1030852084,637.5,E
70004564,PAX311762926,LOC128922419, TIC901759168,637.5,E
70004571,PAX311762926,LOC128922419, TIC1767996108,637.5,E
70004572,PAX311762926,LOC128922419, TIC440559521,637.5,E
70004564,PAX305456328,LOC128922419, TIC1763550440,637.5,E
70004571,PAX305456328,LOC128922419, TIC512589368,637.5,E
70004572,PAX305456328,LOC128922419, TIC875144693,637.5,E
70004564,PAX4175436,LOC128922419, TIC1259219796,637.5,E
70004571,PAX4175436,LOC128922419, TIC1871951642,637.5,E
70004572,PAX4175436,LOC128922419, TIC1870204175,637.5,E
70004564,PAX2050693332,LOC128922419, TIC753978091,637.5,E
70004571,PAX2050693332,LOC128922419, TIC1592083764,637.5,E
70004572,PAX2050693332,LOC128922419, TIC271421291,637.5,E
70004564,PAX1651017525,LOC737444990, TIC1352381830,637.5,E
70004571,PAX1651017525,LOC737444990, TIC1707650825,637.5,E
70004572,PAX1651017525,LOC737444990, TIC2051623851,637.5,E
70004564,PAX115825066,LOC737444990, TIC1682820623,637.5,E
70004571,PAX115825066,LOC737444990, TIC1988814187,637.5,E
70004572,PAX115825066,LOC737444990, TIC1006837385,637.5,E
70004564,PAX249137783,LOC737444990, TIC1201301121,637.5,E
70004571,PAX249137783,LOC737444990, TIC1606901350,637.5,E
70004572,PAX249137783,LOC737444990, TIC310817786,637.5,E
70004564,PAX1258016149,LOC737444990, TIC563752380,637.5,E
70004571,PAX1258016149,LOC737444990, TIC518814692,637.5,E
70004572,PAX1258016149,LOC737444990, TIC611174973,637.5,E
70004564,PAX967640784,LOC737444990, TIC987656625,637.5,E
70004571,PAX967640784,LOC737444990, TIC709549360,637.5,E
70004572,PAX967640784,LOC737444990, TIC1824783304,637.5,E
70004564,PAX385978310,LOC737444990, TIC170038989,637.5,E
70004571,PAX385978310,LOC737444990, TIC393258394,637.5,E
70004572,PAX385978310,LOC737444990, TIC1118999638,637.5,E
70004564,PAX1395337097,LOC737444990, TIC634793278,637.5,E
70004571,PAX1395337097,LOC737444990, TIC1603070493,637.5,E
70004572,PAX1395337097,LOC737444990, TIC1475958761,637.5,E
70004564,PAX1944014432,LOC737444990, TIC315139364,637.5,E
70004571,PAX1944014432,LOC737444990, TIC2061224005,637.5,E
70004572,PAX1944014432,LOC737444990, TIC730318822,637.5,E
70004564,PAX1630446690,LOC737444990, TIC820391587,637.5,E
70004571,PAX1630446690,LOC737444990, TIC442298609,637.5,E
70004572,PAX1630446690,LOC737444990, TIC1056302486,637.5,E
70004564,PAX1271698565,LOC737444990, TIC498194118,637.5,E
70004571,PAX1271698565,LOC737444990, TIC132550701,637.5,E
70004572,PAX1271698565,LOC737444990, TIC102156028,637.5,E
70004564,PAX362682641,LOC737444990, TIC1188595555,637.5,E
70004571,PAX362682641,LOC737444990, TIC1605197564,637.5,E
70004572,PAX362682641,LOC737444990, TIC1871187389,637.5,E
70004564,PAX1034904626,LOC737444990, TIC105899986,637.5,E
70004571,PAX1034904626,LOC737444990, TIC749377320,637.5,E
70004572,PAX1034904626,LOC737444990, TIC104213396,637.5,E
70004572,PAX1441134585,LOC1032047828, TIC1824508024,312.5,E
70004572,PAX42364597,LOC1032047828, TIC1269180963,312.5,E
70004572,PAX170193585,LOC1032047828, TIC1692678048,312.5,E
70004572,PAX470227831,LOC1032047828, TIC1526497317,312.5,E
70004572,PAX1447135939,LOC1032047828, TIC1213557075,312.5,E
70004572,PAX74839755,LOC1032047828, TIC138402112,312.5,E
70004572,PAX986509833,LOC1032047828, TIC1856515381,312.5,E
70004572,PAX1925145217,LOC1032047828, TIC186331287,312.5,E
70002985,PAX2079281071,LOC843803548, TIC499664825,275.0,E
70002985,PAX1039655218,LOC843803548, TIC1897539709,275.0,E
70002985,PAX1150182879,LOC843803548, TIC1253037099,275.0,E
70004571,PAX2104309623,LOC1997324268, TIC1700118012,375.0,E
70004571,PAX7659631,LOC1997324268, TIC18905686,375.0,E
70004571,PAX1432034856,LOC713242182, TIC1846411290,550.0,E
70004571,PAX1149990597,LOC713242182, TIC1105385593,550.0,E
70004571,PAX869947253,LOC713242182, TIC141330072,550.0,E
70004571,PAX477157509,LOC713242182, TIC338598847,550.0,E
70004571,PAX1855792214,LOC713242182, TIC308179083,550.0,E
70004571,PAX2040467509,LOC713242182, TIC595068293,550.0,E
70004571,PAX1965611419,LOC713242182, TIC594921025,550.0,E
70004571,PAX579804959,LOC713242182, TIC1504848703,550.0,E
70004571,PAX550333925,LOC713242182, TIC1589506538,550.0,E
70004571,PAX1539095067,LOC713242182, TIC694967081,550.0,E
70004571,PAX135593064,LOC713242182, TIC424487965,550.0,E
70004571,PAX2770047,LOC713242182, TIC1811193615,550.0,E
70004571,PAX153044244,LOC713242182, TIC1939596800,550.0,E
70004571,PAX46319378,LOC713242182, TIC756327412,550.0,E
70004571,PAX388546255,LOC713242182, TIC1377484531,550.0,E
70004571,PAX1628320562,LOC713242182, TIC638898514,550.0,E
70004571,PAX411988326,LOC1863610812, TIC199178608,375.0,E
70004571,PAX1241974347,LOC1863610812, TIC610786332,375.0,E
