pairing_id,1st_flight_start,last_flight_finish,nr_flights,family,legs,first_leg_aircraft,last_leg_aircraft,airport_start,airport_finish
550240392,01.03.2008 05:00:00,01.03.2008 10:30:00,3,AirbusSmall,"5581,5782,5787",A320#152,A320#152,MRS,ORY
830250430,01.03.2008 05:00:00,01.03.2008 07:35:00,2,BAE,"5251,5351",BAE200#13,BAE200#13,BES,SXB
216794175,01.03.2008 05:10:00,01.03.2008 10:00:00,3,AirbusSmall,"5831,5686,5693",A318#23,A318#23,BOD,ORY
144655230,01.03.2008 05:10:00,01.03.2008 10:30:00,3,ERJ,"6881,5586,5173",ERJ135#228,ERJ135#228,SXB,TLS
1968390471,01.03.2008 05:10:00,01.03.2008 08:20:00,2,AirbusSmall,"5681,5588",A319#233,A319#233,TLS,MRS
13374071,01.03.2008 05:15:00,01.03.2008 10:45:00,2,AirbusSmall,"9503,9502",A319#90,A319#90,CTA,CTA
480544626,01.03.2008 05:15:00,01.03.2008 11:55:00,3,AirbusSmall,"9547,9341,9342",A319#203,A319#203,PMO,MXP
1537058796,01.03.2008 05:20:00,01.03.2008 13:00:00,4,AirbusSmall,"5732,5733,5788,5793",A320#191,A320#191,ORY,ORY
908099452,01.03.2008 05:20:00,01.03.2008 11:55:00,3,BAE,"7850,821,1220",BAE200#171,BAE200#171,NCE,AMS
1262090241,01.03.2008 05:20:00,01.03.2008 09:40:00,2,AirbusSmall,"5476,5481",A320#137,A320#137,MAD,PRG
1499093644,01.03.2008 05:20:00,01.03.2008 07:55:00,2,CRJ,"5330,4982",CRJ100#213,CRJ100#213,RNS,CFE
1454666067,01.03.2008 05:25:00,01.03.2008 16:00:00,5,Fokker,"5386,7393,7508,7417,5373",F100#14,F100#14,BES,BES
585887566,01.03.2008 05:25:00,01.03.2008 13:35:00,3,AirbusSmall,"7317,7282,7283",A320#12,A320#12,BES,CDG
1407212803,01.03.2008 05:25:00,01.03.2008 11:05:00,3,BAE,"5005,5331,5238",BAE300#210,BAE300#210,PUF,MPL
228529453,01.03.2008 05:25:00,01.03.2008 11:25:00,3,ERJ,"5354,5350,7442",ERJ145#215,ERJ145#215,RNS,LYS
867244187,01.03.2008 05:25:00,01.03.2008 13:20:00,3,AirbusSmall,"5300,1084,9486",A319#211,A319#44,RNS,CTA
1313602615,01.03.2008 05:25:00,01.03.2008 08:50:00,2,AirbusSmall,"5457,5414",A319#97,A319#97,DUS,MUC
1498633961,01.03.2008 05:25:00,01.03.2008 06:55:00,1,AirbusSmall,7353,A318#208,A318#208,PUF,CDG
490794889,01.03.2008 05:30:00,01.03.2008 08:50:00,2,Fokker,"2763,2762",F100#84,F100#84,CFE,CFE
1014651230,01.03.2008 05:30:00,01.03.2008 09:05:00,2,AirbusSmall,"5404,5403",A319#101,A319#101,FCO,FCO
1996293049,01.03.2008 05:30:00,01.03.2008 09:15:00,2,Fokker,"4904,4905",F100#119,F100#119,LIL,LIL
2061781893,01.03.2008 05:30:00,01.03.2008 09:35:00,2,AirbusSmall,"3014,3011",A318#125,A318#125,LYS,LYS
1383317597,01.03.2008 05:30:00,01.03.2008 10:40:00,2,AirbusSmall,"7826,7829",A319#127,A319#127,LYS,LYS
322750925,01.03.2008 05:30:00,01.03.2008 14:10:00,4,CRJ,"7380,2700,5349,5361",CRJ700#132,CRJ700#132,LYS,LYS
1891547481,01.03.2008 05:30:00,01.03.2008 08:00:00,2,Fokker,"5237,5236",F100#179,F100#179,NTE,NTE
544750431,01.03.2008 05:30:00,01.03.2008 10:50:00,2,BoeingSmall,"7840,7841",B737400#237,B737400#237,TLS,TLS
2120794722,01.03.2008 05:30:00,01.03.2008 12:25:00,4,AirbusSmall,"5290,5834,5861,6946",A320#112,A320#112,LIG,BES
421464187,01.03.2008 05:30:00,01.03.2008 12:50:00,4,BAE,"2711,7383,7221,7304",BAE200#115,BAE200#115,LIL,NTE
1697758816,01.03.2008 05:30:00,01.03.2008 12:50:00,4,AirbusSmall,"6911,5688,5697,6886",A320#141,A320#141,MLH,SXB
1700098238,01.03.2008 05:30:00,01.03.2008 13:30:00,4,AirbusSmall,"5583,5836,5841,5696",A321#154,A321#154,MRS,TLS
1408019314,01.03.2008 05:30:00,01.03.2008 13:35:00,3,AirbusSmall,"5461,3052,3053",A321#106,A321#106,FRA,LYS
2029747238,01.03.2008 05:30:00,01.03.2008 08:30:00,2,ERJ,"5054,2803",ERJ145#229,ERJ145#229,SXB,CFE
451015443,01.03.2008 05:35:00,01.03.2008 08:50:00,2,ERJ,"4901,4900",ERJ145#143,ERJ145#143,MLH,MLH
835890524,01.03.2008 05:35:00,01.03.2008 12:50:00,4,AirbusSmall,"5582,5585,5594,5605",A320#193,A320#193,ORY,ORY
1869971960,01.03.2008 05:35:00,01.03.2008 09:00:00,2,CRJ,"5060,5061",CRJ100#225,CRJ100#225,SXB,SXB
134224868,01.03.2008 05:35:00,01.03.2008 13:25:00,4,AirbusSmall,"6941,5784,5789,6933",A319#11,A319#11,BES,RNS
1472197184,01.03.2008 05:35:00,01.03.2008 13:20:00,4,AirbusSmall,"7239,7356,7355,7224",A320#79,A320#79,CFE,LYS
185398434,01.03.2008 05:35:00,01.03.2008 13:35:00,4,AirbusSmall,"5415,2872,695,4586",A320#161,A320#161,MUC,DUB
1241796862,01.03.2008 05:35:00,01.03.2008 12:50:00,4,AirbusSmall,"7301,7234,7235,7342",A319#175,A319#175,NTE,SXB
686445391,01.03.2008 05:35:00,01.03.2008 15:30:00,4,Fokker,"4981,7410,4916,5128",F100#85,F100#181,CFE,MXP
1903678842,01.03.2008 05:35:00,01.03.2008 11:10:00,3,AirbusSmall,"5475,5456,887",A320#8,A320#8,BCN,CDG
1880812379,01.03.2008 05:35:00,01.03.2008 12:25:00,3,CRJ,"5011,7382,2699",CRJ700#22,CRJ700#22,BIQ,RNS
1709048111,01.03.2008 05:35:00,01.03.2008 13:10:00,3,BAE,"5310,7402,5346",BAE300#113,BAE300#113,LIG,NTE
1887936958,01.03.2008 05:35:00,01.03.2008 13:30:00,3,AirbusSmall,"7241,7362,7365",A320#153,A320#153,MRS,CDG
352111753,01.03.2008 05:35:00,01.03.2008 12:00:00,2,AirbusSmall,"9485,9415",A320#91,A320#91,CTA,CDG
181623131,01.03.2008 05:35:00,01.03.2008 08:35:00,2,CRJ,"7441,2722",CRJ700#133,CRJ700#133,LYS,LIL
998983796,01.03.2008 05:35:00,01.03.2008 09:00:00,2,AirbusSmall,"7361,7300",A321#236,A321#236,TLS,NTE
65231430,01.03.2008 05:40:00,01.03.2008 10:25:00,2,AirbusSmall,"628,629",A320#47,A320#47,CDG,CDG
1700574325,01.03.2008 05:40:00,01.03.2008 09:05:00,2,CRJ,"4891,4890",CRJ700#158,CRJ700#158,MRS,MRS
1006137469,01.03.2008 05:40:00,01.03.2008 08:20:00,2,CRJ,"5320,5321",CRJ100#214,CRJ100#214,RNS,RNS
237790835,01.03.2008 05:40:00,01.03.2008 09:00:00,2,CRJ,"4640,4641",CRJ700#241,CRJ700#241,TLS,TLS
1097703492,01.03.2008 05:40:00,01.03.2008 13:35:00,4,AirbusSmall,"7013,5291,5298,5301",A321#80,A321#80,CFE,RNS
2007244421,01.03.2008 05:40:00,01.03.2008 13:20:00,4,AirbusSmall,"7121,6912,6917,7148",A321#147,A321#147,MPL,AJA
51613704,01.03.2008 05:40:00,01.03.2008 12:20:00,4,ERJ,"7401,5311,5296,5297",ERJ135#159,ERJ135#159,MRS,LIG
1803412708,01.03.2008 05:40:00,01.03.2008 13:00:00,4,ERJ,"7411,7443,2703,2859",ERJ145#173,ERJ145#173,NCE,SXB
702065979,01.03.2008 05:40:00,01.03.2008 13:15:00,4,AirbusSmall,"7031,6882,6887,5840",A320#209,A320#209,PUF,BOD
625984714,01.03.2008 05:40:00,01.03.2008 12:25:00,3,ERJ,"5084,7427,7416",ERJ135#118,ERJ135#118,LIL,NCE
1697647799,01.03.2008 05:40:00,01.03.2008 12:20:00,3,BoeingSmall,"9454,9471,9472",B737300#169,B737300#169,NCE,MXP
1906625686,01.03.2008 05:40:00,01.03.2008 10:50:00,3,AirbusSmall,"5683,5590,5599",A319#231,A319#231,TLS,ORY
263157300,01.03.2008 05:40:00,01.03.2008 08:50:00,2,AirbusSmall,"5833,7060",A321#25,A321#25,BOD,BIQ
1992838324,01.03.2008 05:40:00,01.03.2008 11:45:00,2,AirbusSmall,"7293,7316",A320#168,A320#168,NCE,BES
274961647,01.03.2008 05:40:00,01.03.2008 11:00:00,2,AirbusSmall,"6893,5694",A321#224,A321#224,SXB,TLS
1839244181,01.03.2008 05:45:00,01.03.2008 16:00:00,5,ERJ,"7381,5364,5056,7385,7386",ERJ135#29,ERJ135#29,BOD,BOD
1835196615,01.03.2008 05:45:00,01.03.2008 14:15:00,4,AirbusSmall,"720,721,1150,1151",A319#38,A319#38,CDG,CDG
1083776645,01.03.2008 05:45:00,01.03.2008 09:00:00,2,CRJ,"7481,7482",CRJ100#172,CRJ100#172,NCE,NCE
703459902,01.03.2008 05:45:00,01.03.2008 13:20:00,3,AirbusSmall,"2721,7305,7374",A321#114,A321#114,LIL,TLS
184241666,01.03.2008 05:45:00,01.03.2008 12:50:00,3,BAE,"7390,5381,5239",BAE300#117,BAE300#117,LIL,RNS
1603673735,01.03.2008 05:45:00,01.03.2008 11:05:00,3,AirbusSmall,"7440,7420,7375",A318#174,A318#174,NTE,CDG
1204295508,01.03.2008 05:45:00,01.03.2008 11:30:00,3,Fokker,"5365,5012,7219",F100#230,F100#230,SXB,CDG
302063757,01.03.2008 05:45:00,01.03.2008 14:10:00,3,AirbusSmall,"7341,1198,1199",A320#223,A318#36,SXB,CDG
577789850,01.03.2008 05:45:00,01.03.2008 08:40:00,2,ERJ,"7426,2836",ERJ145#136,ERJ145#136,LYS,CFE
302910801,01.03.2008 05:45:00,01.03.2008 10:35:00,2,AirbusSmall,"9531,9413",A320#204,A320#204,PMO,CDG
1924586133,01.03.2008 05:45:00,01.03.2008 09:35:00,2,AirbusSmall,"3059,5144",A321#251,A321#251,ZRH,VCE
794882901,01.03.2008 05:50:00,01.03.2008 13:50:00,4,CRJ,"5030,4298,4299,5033",CRJ100#27,CRJ100#27,BOD,BOD
989309799,01.03.2008 05:50:00,01.03.2008 08:45:00,2,AirbusSmall,"6981,6982",A320#128,A320#128,LYS,LYS
27242453,01.03.2008 05:50:00,01.03.2008 14:15:00,4,AirbusSmall,"5682,5691,6990,6989",A318#183,A318#183,ORY,ORY
1589609104,01.03.2008 05:50:00,01.03.2008 15:00:00,4,AirbusSmall,"6980,6983,5700,5705",A319#185,A319#185,ORY,ORY
441981246,01.03.2008 05:50:00,01.03.2008 08:50:00,2,AirbusSmall,"5830,5837",A319#186,A319#186,ORY,ORY
1711616958,01.03.2008 05:50:00,01.03.2008 15:30:00,4,AirbusSmall,"6880,6901,7034,7039",A320#194,A320#194,ORY,ORY
322536784,01.03.2008 05:50:00,01.03.2008 12:25:00,4,AirbusSmall,"6910,6915,6986,6987",A321#197,A321#197,ORY,ORY
545391270,01.03.2008 05:50:00,01.03.2008 16:20:00,2,BoeingBig,"1625,2324",B747#218,B747#218,SVO,SVO
2039633683,01.03.2008 05:50:00,01.03.2008 13:30:00,4,AirbusSmall,"7807,850,851,1498",A319#5,A319#5,AMS,FRA
272236592,01.03.2008 05:50:00,01.03.2008 12:00:00,4,CRJ,"5367,4970,2733,2734",CRJ700#134,CRJ700#134,LYS,CFE
259488708,01.03.2008 05:50:00,01.03.2008 13:00:00,3,AirbusSmall,"7061,5690,5701",A319#20,A319#20,BIQ,ORY
134667610,01.03.2008 05:50:00,01.03.2008 13:50:00,3,AirbusSmall,"7201,7232,7223",A321#26,A321#26,BOD,CDG
1400887770,01.03.2008 05:50:00,01.03.2008 13:50:00,3,CRJ,"4973,5338,5336",CRJ100#82,CRJ100#82,CFE,LYS
400290800,01.03.2008 05:50:00,01.03.2008 13:50:00,3,ERJ,"7421,5371,5374",ERJ135#242,ERJ135#242,TLS,MRS
203866101,01.03.2008 05:50:00,01.03.2008 10:45:00,2,BAE,"7864,7881",BAE300#155,BAE300#155,MRS,BOD
56569042,01.03.2008 05:50:00,01.03.2008 07:40:00,1,ERJ,7880,ERJ145#30,ERJ145#30,BOD,AMS
760389092,01.03.2008 05:55:00,01.03.2008 10:05:00,2,AirbusSmall,"4081,4080",A320#1,A320#1,AJA,AJA
867264950,01.03.2008 05:55:00,01.03.2008 16:45:00,4,BAE,"4914,4915,7501,7506",BAE200#170,BAE200#170,NCE,NCE
980448604,01.03.2008 05:55:00,01.03.2008 09:00:00,2,AirbusSmall,"6930,6931",A320#212,A320#212,RNS,RNS
1368346408,01.03.2008 05:55:00,01.03.2008 12:30:00,4,CRJ,"4932,4931,7554,7555",CRJ100#226,CRJ100#226,SXB,SXB
686600688,01.03.2008 05:55:00,01.03.2008 13:30:00,4,BAE,"5170,5340,5347,4314",BAE200#239,BAE200#239,TLS,AJA
744291659,01.03.2008 05:55:00,01.03.2008 11:30:00,3,AirbusSmall,"4091,5786,5791",A318#17,A318#17,BIA,ORY
1259740875,01.03.2008 05:55:00,01.03.2008 13:15:00,3,Fokker,"4966,7450,4368",F100#86,F100#86,CFE,BIA
2133107748,01.03.2008 05:55:00,01.03.2008 11:10:00,3,AirbusSmall,"7261,2862,2863",A320#146,A320#146,MPL,CDG
1964001711,01.03.2008 05:55:00,01.03.2008 13:35:00,3,AirbusSmall,"2871,5486,5479",A319#163,A319#163,MXP,LYS
1153742415,01.03.2008 05:55:00,01.03.2008 10:25:00,3,ERJ,"2850,2851,2755",ERJ135#177,ERJ135#177,NTE,MLH
552920428,01.03.2008 05:55:00,01.03.2008 13:35:00,3,Fokker,"2680,5032,4330",F100#216,F100#216,RNS,BIA
1293930447,01.03.2008 05:55:00,01.03.2008 08:35:00,2,BAE,"5380,4992",BAE200#148,BAE200#148,MPL,MLH
1477521204,01.03.2008 06:00:00,01.03.2008 10:10:00,2,AirbusSmall,"1002,1003",A319#39,A319#39,CDG,CDG
435943218,01.03.2008 06:00:00,01.03.2008 14:10:00,4,AirbusSmall,"1122,1123,1622,1623",A319#41,A319#41,CDG,CDG
1466433944,01.03.2008 06:00:00,01.03.2008 09:35:00,2,AirbusSmall,"898,899",A320#49,A320#49,CDG,CDG
1460360759,01.03.2008 06:00:00,01.03.2008 14:10:00,4,AirbusSmall,"5820,5785,7062,7065",A319#187,A319#187,ORY,ORY
1290666459,01.03.2008 06:00:00,01.03.2008 14:00:00,4,AirbusSmall,"7120,7123,5698,5703",A319#188,A319#188,ORY,ORY
219182258,01.03.2008 06:00:00,01.03.2008 15:50:00,4,AirbusSmall,"7010,7011,5636,5613",A320#195,A320#195,ORY,ORY
1439592459,01.03.2008 06:00:00,01.03.2008 15:25:00,4,AirbusSmall,"6883,7122,7125,6888",A320#222,A320#222,SXB,SXB
1946913669,01.03.2008 06:00:00,01.03.2008 09:10:00,2,CRJ,"5042,5043",CRJ700#227,CRJ700#227,SXB,SXB
1030199412,01.03.2008 06:00:00,01.03.2008 09:10:00,2,Fokker,"2830,2831",F100#243,F100#243,TLS,TLS
1048083132,01.03.2008 06:00:00,01.03.2008 13:50:00,4,Fokker,"4329,2840,2742,2854",F100#19,F100#19,BIA,MPL
854269954,01.03.2008 06:00:00,01.03.2008 13:30:00,4,AirbusSmall,"5587,7032,7037,7128",A319#149,A319#149,MRS,MPL
1335149631,01.03.2008 06:00:00,01.03.2008 12:45:00,3,AirbusSmall,"9380,9544,9549",A320#48,A320#48,CDG,MXP
534011718,01.03.2008 06:00:00,01.03.2008 09:50:00,2,Fokker,"4529,4537",F100#10,F100#10,BCN,PRG
1379662799,01.03.2008 06:00:00,01.03.2008 08:20:00,2,BAE,"4297,5171",BAE200#2,BAE200#2,AJA,TLS
567345045,01.03.2008 06:00:00,01.03.2008 08:45:00,2,ERJ,"2804,5055",ERJ145#83,ERJ145#83,CFE,SXB
871005224,01.03.2008 06:00:00,01.03.2008 10:55:00,2,AirbusSmall,"9411,7810",A319#100,A319#100,FCO,AMS
444261816,01.03.2008 06:00:00,01.03.2008 08:50:00,2,CRJ,"5018,2691",CRJ700#135,CRJ700#135,LYS,CFE
169762054,01.03.2008 06:00:00,01.03.2008 08:50:00,2,BAE,"2701,2712",BAE300#176,BAE300#176,NTE,LIL
1154121897,01.03.2008 06:05:00,01.03.2008 16:15:00,4,BAE,"9470,9451,9450,9473",BAE300#156,BAE300#156,MRS,MRS
102919363,01.03.2008 06:05:00,01.03.2008 11:50:00,2,AirbusSmall,"5584,5603",A319#189,A319#189,ORY,ORY
650403853,01.03.2008 06:05:00,01.03.2008 13:10:00,4,AirbusSmall,"5781,7012,7015,6914",A320#167,A320#167,NCE,MLH
1656874616,01.03.2008 06:05:00,01.03.2008 13:15:00,4,ERJ,"5341,4328,4317,4296",ERJ135#178,ERJ135#178,NTE,AJA
1704637349,01.03.2008 06:05:00,01.03.2008 13:40:00,3,AirbusSmall,"1929,1018,1019",A320#7,A320#7,BCN,CDG
20376260,01.03.2008 06:05:00,01.03.2008 12:00:00,3,BAE,"4880,5031,2702",BAE300#81,BAE300#81,CFE,NTE
2032444851,01.03.2008 06:05:00,01.03.2008 13:35:00,3,AirbusSmall,"7373,7242,7245",A319#232,A319#232,TLS,CDG
673055254,01.03.2008 06:05:00,01.03.2008 16:50:00,3,AirbusSmall,"2869,7204,7209",A320#142,A320#146,MLH,CDG
759101347,01.03.2008 06:05:00,01.03.2008 14:55:00,2,AirbusBig,"149,2076",A340#16,A340#16,BEY,CMN
1913070780,01.03.2008 06:05:00,01.03.2008 09:05:00,2,ERJ,"4991,5006",ERJ145#144,ERJ145#144,MLH,PUF
1368079903,01.03.2008 06:10:00,01.03.2008 16:50:00,4,AirbusSmall,"7030,7035,6916,6921",A318#184,A318#184,ORY,ORY
339817161,01.03.2008 06:10:00,01.03.2008 13:10:00,4,AirbusSmall,"6940,6943,5838,5843",A321#198,A321#198,ORY,ORY
1466997494,01.03.2008 06:10:00,01.03.2008 13:30:00,4,AirbusSmall,"5832,5839,5790,5805",A321#199,A321#199,ORY,ORY
1858658242,01.03.2008 06:10:00,01.03.2008 11:25:00,3,AirbusSmall,"5685,6942,6945",A319#234,A319#234,TLS,ORY
863898425,01.03.2008 06:10:00,01.03.2008 09:50:00,2,AirbusSmall,"5835,5596",A318#24,A318#24,BOD,MRS
792254578,01.03.2008 06:10:00,01.03.2008 07:55:00,1,BoeingSmall,703,B737800#162,B737800#162,MUC,CDG
1339712811,01.03.2008 06:10:00,01.03.2008 08:05:00,1,AirbusSmall,2202,A319#190,A319#190,ORY,MAD
796471501,01.03.2008 06:15:00,01.03.2008 11:20:00,2,AirbusSmall,"7240,7243",A318#33,A318#33,CDG,CDG
657187435,01.03.2008 06:15:00,01.03.2008 11:30:00,2,AirbusSmall,"580,581",A318#34,A318#34,CDG,CDG
943091072,01.03.2008 06:15:00,01.03.2008 10:50:00,2,AirbusSmall,"4582,4581",A318#35,A318#35,CDG,CDG
1462263971,01.03.2008 06:15:00,01.03.2008 15:05:00,4,AirbusSmall,"7280,7281,2864,2865",A320#46,A320#46,CDG,CDG
1148687997,01.03.2008 06:15:00,01.03.2008 17:00:00,4,AirbusSmall,"784,785,7814,7819",A320#50,A320#50,CDG,CDG
166848991,01.03.2008 06:15:00,01.03.2008 11:15:00,2,AirbusSmall,"718,719",A320#56,A320#56,CDG,CDG
1888802919,01.03.2008 06:15:00,01.03.2008 09:35:00,2,AirbusSmall,"7220,7233",A321#61,A321#61,CDG,CDG
1963290261,01.03.2008 06:15:00,01.03.2008 12:25:00,3,AirbusSmall,"1681,950,951",A320#138,A320#138,MAD,CDG
1412098517,01.03.2008 06:15:00,01.03.2008 12:35:00,3,AirbusSmall,"7139,7162,7163",A319#145,A319#145,MPL,ORY
59250330,01.03.2008 06:15:00,01.03.2008 13:45:00,3,AirbusSmall,"4481,1186,5455",A320#206,A320#206,PRG,LYS
1341330772,01.03.2008 06:15:00,01.03.2008 13:50:00,3,AirbusSmall,"2219,4584,4585",A319#249,A319#249,VIE,CDG
669806174,01.03.2008 06:15:00,01.03.2008 13:00:00,2,AirbusSmall,"7215,7244",A320#21,A320#21,BIQ,MRS
1022862599,01.03.2008 06:15:00,01.03.2008 09:30:00,2,AirbusSmall,"7360,5695",A318#32,A318#32,CDG,ORY
1667359241,01.03.2008 06:15:00,01.03.2008 10:45:00,2,AirbusSmall,"1995,928",A321#164,A321#164,MXP,BCN
1878748607,01.03.2008 06:20:00,01.03.2008 13:40:00,2,AirbusSmall,"886,1187",A320#51,A320#51,CDG,CDG
373978677,01.03.2008 06:20:00,01.03.2008 11:30:00,2,CRJ,"820,7813",CRJ100#66,CRJ100#66,CDG,CDG
1780414719,01.03.2008 06:20:00,01.03.2008 15:00:00,2,AirbusBig,"1224,1225",A340#72,A340#72,CDG,CDG
27230194,01.03.2008 06:20:00,01.03.2008 13:35:00,4,AirbusSmall,"6900,6885,7126,7127",A320#192,A320#192,ORY,ORY
28316747,01.03.2008 06:20:00,01.03.2008 14:30:00,4,AirbusSmall,"5684,5689,5792,5797",A321#200,A321#200,ORY,ORY
2039758977,01.03.2008 06:20:00,01.03.2008 11:10:00,3,ERJ,"4315,4280,4351",ERJ135#18,ERJ135#18,BIA,LYS
1463368591,01.03.2008 06:20:00,01.03.2008 13:40:00,3,AirbusSmall,"587,4682,4683",A320#98,A320#98,DUS,CDG
322410052,01.03.2008 06:20:00,01.03.2008 09:20:00,2,Fokker,"2846,5085",F100#87,F100#87,CFE,LIL
767019185,01.03.2008 06:20:00,01.03.2008 11:40:00,2,AirbusSmall,"1885,980",A319#99,A319#99,FCO,MAD
179734015,01.03.2008 06:20:00,01.03.2008 08:10:00,1,AirbusSmall,2007,A319#246,A319#246,VCE,CDG
94993703,01.03.2008 06:25:00,01.03.2008 13:50:00,2,AirbusSmall,"604,605",A320#57,A320#57,CDG,CDG
1471360990,01.03.2008 06:25:00,01.03.2008 10:45:00,2,AirbusSmall,"7200,7205",A321#62,A321#62,CDG,CDG
473104005,01.03.2008 06:25:00,01.03.2008 15:10:00,4,BoeingSmall,"706,707,1250,1251",B737900#65,B737900#65,CDG,CDG
687431273,01.03.2008 06:25:00,01.03.2008 14:00:00,4,BAE,"4281,4316,4331,7403",BAE300#3,BAE300#3,AJA,LYS
507908049,01.03.2008 06:25:00,01.03.2008 15:30:00,4,AirbusSmall,"9340,9383,9386,9546",A320#130,A320#130,LYS,PMO
1464793213,01.03.2008 06:25:00,01.03.2008 13:45:00,3,AirbusSmall,"599,880,5470",A320#105,A320#105,FRA,LYS
612132171,01.03.2008 06:25:00,01.03.2008 14:00:00,3,AirbusSmall,"7231,7202,7207",A321#131,A321#131,LYS,CDG
765467029,01.03.2008 06:25:00,01.03.2008 14:10:00,3,AirbusSmall,"7291,7260,7263",A319#165,A319#165,NCE,CDG
1772116450,01.03.2008 06:30:00,01.03.2008 16:00:00,4,AirbusSmall,"4680,4681,1306,1307",A319#42,A319#42,CDG,CDG
1506922847,01.03.2008 06:30:00,01.03.2008 16:40:00,4,AirbusSmall,"2250,2251,1486,1487",A320#52,A320#52,CDG,CDG
621824399,01.03.2008 06:30:00,01.03.2008 17:15:00,6,AirbusSmall,"4598,4599,4602,4603,4604,4605",A318#182,A318#182,ORY,ORY
1397837397,01.03.2008 06:30:00,01.03.2008 15:55:00,4,AirbusSmall,"5824,5825,7016,7017",A320#196,A320#196,ORY,ORY
2090366750,01.03.2008 06:30:00,01.03.2008 17:30:00,4,AirbusSmall,"823,1422,1423,1504",A321#107,A321#107,GVA,LIS
999476574,01.03.2008 06:30:00,01.03.2008 07:50:00,1,AirbusSmall,5589,A319#150,A319#150,MRS,ORY
683093156,01.03.2008 06:35:00,01.03.2008 10:45:00,2,AirbusSmall,"7340,7343",A319#37,A319#37,CDG,CDG
282134252,01.03.2008 06:35:00,01.03.2008 17:10:00,4,AirbusSmall,"7268,7269,7284,7295",A319#40,A319#40,CDG,CDG
653369842,01.03.2008 06:35:00,01.03.2008 12:50:00,3,AirbusSmall,"962,963,1320",A320#58,A320#58,CDG,AMS
1098662538,01.03.2008 06:35:00,01.03.2008 17:10:00,3,AirbusSmall,"7253,1922,1923",A320#151,A320#91,MRS,CDG
1816610767,01.03.2008 06:35:00,01.03.2008 14:10:00,2,AirbusSmall,"998,5469",A319#43,A319#43,CDG,LYS
1965944111,01.03.2008 06:35:00,01.03.2008 10:40:00,2,AirbusSmall,"4691,1006",A320#250,A320#250,ZRH,VCE
820276643,01.03.2008 06:40:00,01.03.2008 17:15:00,4,AirbusSmall,"7827,7828,7833,7834",A320#6,A320#6,AMS,AMS
697077479,01.03.2008 06:40:00,01.03.2008 10:00:00,2,AirbusSmall,"5687,5692",A320#235,A320#235,TLS,TLS
249185689,01.03.2008 06:40:00,01.03.2008 10:55:00,2,AirbusSmall,"4583,9384",A319#95,A319#95,DUB,MXP
1599612079,01.03.2008 06:45:00,01.03.2008 16:40:00,4,AirbusSmall,"1102,1103,1228,1229",A319#45,A319#45,CDG,CDG
1878547240,01.03.2008 06:45:00,01.03.2008 16:35:00,4,AirbusSmall,"728,729,1562,1563",A320#53,A320#53,CDG,CDG
2043738361,01.03.2008 06:45:00,01.03.2008 13:50:00,2,BoeingSmall,"694,9385",B737400#64,B737400#64,CDG,CDG
1769244548,01.03.2008 06:45:00,01.03.2008 10:15:00,2,BoeingSmall,"4696,4601",B737900#96,B737900#96,DUB,CDG
1174549493,01.03.2008 06:45:00,01.03.2008 10:40:00,2,AirbusSmall,"2051,4480",A321#111,A321#111,LHR,PRG
2029766428,01.03.2008 06:50:00,01.03.2008 11:45:00,2,BoeingSmall,"2207,2208",B737300#140,B737300#140,MAD,MAD
1873991775,01.03.2008 06:50:00,01.03.2008 12:55:00,3,AirbusSmall,"9410,9528,9539",A320#59,A320#59,CDG,FCO
29236707,01.03.2008 06:50:00,01.03.2008 11:40:00,2,AirbusSmall,"1729,2218",A320#9,A320#9,BCN,VIE
1587173014,01.03.2008 07:00:00,01.03.2008 11:10:00,2,AirbusSmall,"1222,1223",A320#54,A320#54,CDG,CDG
696010446,01.03.2008 07:00:00,01.03.2008 10:25:00,2,AirbusSmall,"750,751",A321#63,A321#63,CDG,CDG
411967342,01.03.2008 07:00:00,01.03.2008 15:30:00,2,BoeingBig,"1971,1824",B777#109,B777#109,IST,SVO
1481915247,01.03.2008 07:00:00,01.03.2008 12:10:00,2,AirbusSmall,"1881,1184",A320#139,A320#139,MAD,FCO
1142969686,01.03.2008 07:05:00,01.03.2008 10:45:00,2,AirbusSmall,"920,921",A320#60,A320#60,CDG,CDG
607156385,01.03.2008 07:05:00,01.03.2008 13:45:00,3,AirbusSmall,"7809,1302,1303",A319#4,A319#4,AMS,CDG
536388599,01.03.2008 07:05:00,01.03.2008 13:10:00,3,AirbusSmall,"5783,6884,6889",A319#166,A319#166,NCE,ORY
1796576214,01.03.2008 07:20:00,01.03.2008 16:55:00,4,CRJ,"2810,2811,7882,2843",CRJ700#28,CRJ700#28,BOD,CFE
12549208,01.03.2008 07:25:00,01.03.2008 13:10:00,3,AirbusSmall,"5460,999,1722",A319#126,A319#126,LYS,GVA
211620115,01.03.2008 07:30:00,01.03.2008 17:40:00,3,AirbusBig,"1564,1565,864",A340#73,A330#69,CDG,TUN
699321615,01.03.2008 07:30:00,01.03.2008 08:35:00,1,CRJ,4600,CRJ100#201,CRJ100#201,ORY,LCY
1062563731,01.03.2008 07:35:00,01.03.2008 18:30:00,2,AirbusBig,"146,145",A340#70,A340#70,CDG,CDG
237820880,01.03.2008 07:35:00,01.03.2008 16:55:00,5,Fokker,"2744,2745,5127,2718,2719",F100#180,F100#180,NTE,NTE
1874672702,01.03.2008 07:35:00,01.03.2008 17:10:00,4,ERJ,"2782,2783,2808,2806",ERJ145#31,ERJ145#31,BOD,CFE
1093497886,01.03.2008 07:35:00,01.03.2008 17:30:00,3,AirbusSmall,"5471,2203,5714",A320#129,A320#152,LYS,TLS
131003451,01.03.2008 07:40:00,01.03.2008 18:30:00,6,AirbusSmall,"4704,4703,4698,4697,4700,4699",A318#94,A318#94,DUB,DUB
311026875,01.03.2008 07:40:00,01.03.2008 13:40:00,2,AirbusSmall,"1705,1294",A321#121,A321#121,LIS,MXP
2035821616,01.03.2008 07:40:00,01.03.2008 11:30:00,1,BoeingBig,2325,B777#219,B777#219,SVO,CDG
1587430512,01.03.2008 07:50:00,01.03.2008 17:10:00,4,AirbusSmall,"984,985,1450,1451",A320#55,A320#55,CDG,CDG
335171738,01.03.2008 07:55:00,01.03.2008 17:00:00,2,BoeingBig,"1277,148",B777#89,B777#89,CMN,BEY
1576184881,01.03.2008 07:55:00,01.03.2008 10:30:00,1,BoeingBig,1265,B777#245,B777#245,TUN,CDG
2024776132,01.03.2008 08:10:00,01.03.2008 11:25:00,2,Fokker,"9461,9464",F100#104,F100#104,FCO,FCO
244180730,01.03.2008 08:15:00,01.03.2008 18:50:00,2,AirbusSmall,"4695,4587",A321#110,A321#110,LCY,CDG
2101176022,01.03.2008 08:20:00,01.03.2008 14:10:00,2,AirbusSmall,"9533,1085",A320#205,A320#205,PMO,CDG
2072566358,01.03.2008 08:30:00,01.03.2008 19:25:00,4,CRJ,"5595,5708,5717,6896",CRJ100#157,CRJ100#157,MRS,SXB
776916771,01.03.2008 08:35:00,01.03.2008 15:50:00,2,BoeingBig,"1776,1777",B747#74,B747#74,CDG,CDG
1122641037,01.03.2008 08:35:00,01.03.2008 12:15:00,1,AirbusBig,1524,A340#71,A340#71,CDG,SVO
319461354,01.03.2008 08:40:00,01.03.2008 14:30:00,2,CRJ,"7804,7853",CRJ700#67,CRJ700#67,CDG,NCE
789264734,01.03.2008 08:45:00,01.03.2008 14:05:00,2,AirbusSmall,"3035,3034",A320#120,A320#120,LIS,LIS
1667344290,01.03.2008 08:50:00,01.03.2008 17:35:00,4,CRJ,"5327,5378,5379,5326",CRJ100#214,CRJ100#214,RNS,RNS
1544427966,01.03.2008 09:00:00,01.03.2008 19:10:00,4,Fokker,"2805,2809,2786,2787",F100#88,F100#88,CFE,BOD
1236994921,01.03.2008 09:00:00,01.03.2008 18:55:00,3,BoeingSmall,"2828,2829,2948",B737900#238,B737900#238,TLS,LIS
702879240,01.03.2008 09:00:00,01.03.2008 19:10:00,2,Fokker,"4679,9423",F100#160,F100#160,MRS,CDG
120992252,01.03.2008 09:05:00,01.03.2008 17:10:00,2,BoeingBig,"1170,1171",B777#76,B777#76,CDG,CDG
238583656,01.03.2008 09:20:00,01.03.2008 20:10:00,4,AirbusSmall,"2842,1221,9416,9496",A319#78,A319#78,CFE,CTA
308785032,01.03.2008 09:20:00,01.03.2008 12:45:00,2,ERJ,"2860,2710",ERJ145#143,ERJ145#143,MLH,LIL
1002897798,01.03.2008 09:30:00,01.03.2008 17:30:00,4,BAE,"2739,2740,2748,2749",BAE200#116,BAE200#116,LIL,LIL
1358150438,01.03.2008 09:30:00,01.03.2008 19:20:00,5,AirbusSmall,"6985,5600,5591,5614,5627",A320#128,A320#128,LYS,ORY
1327984013,01.03.2008 09:40:00,01.03.2008 20:10:00,4,BAE,"2708,2709,2834,2835",BAE200#240,BAE200#240,TLS,TLS
1798042741,01.03.2008 09:50:00,01.03.2008 19:50:00,4,CRJ,"7413,7404,7407,7406",CRJ100#172,CRJ100#172,NCE,MRS
940529983,01.03.2008 09:55:00,01.03.2008 20:25:00,5,Fokker,"5250,5372,7412,7557,7558",F100#179,F100#179,NTE,NCE
1927117020,01.03.2008 09:55:00,01.03.2008 20:45:00,5,AirbusSmall,"9535,5402,5468,5463,5477",A318#202,A318#202,PMO,MAD
890945376,01.03.2008 09:55:00,01.03.2008 14:40:00,2,AirbusSmall,"9491,9532",A320#92,A320#92,CTA,PMO
1111984774,01.03.2008 10:00:00,01.03.2008 19:20:00,4,AirbusSmall,"6932,5702,5713,5622",A320#212,A320#212,RNS,MRS
486030710,01.03.2008 10:05:00,01.03.2008 19:15:00,2,BoeingBig,"1725,1724",B777#220,B777#219,SVO,SVO
41568198,01.03.2008 10:05:00,01.03.2008 19:35:00,3,AirbusSmall,"3012,1319,7820",A318#125,A319#39,LYS,AMS
987581131,01.03.2008 10:10:00,01.03.2008 21:00:00,3,CRJ,"2901,2900,1505",CRJ700#123,CRJ700#123,LIS,CDG
508556620,01.03.2008 10:40:00,01.03.2008 19:45:00,5,AirbusSmall,"5699,6984,6993,6988,6995",A320#235,A320#235,TLS,ORY
883719064,01.03.2008 10:45:00,01.03.2008 20:30:00,2,BoeingBig,"1624,1825",B777#77,B777#221,CDG,CDG
1653226048,01.03.2008 10:50:00,01.03.2008 19:00:00,4,ERJ,"9507,2823,2826,2827",ERJ135#93,ERJ135#93,CTA,TLS
1586437926,01.03.2008 11:00:00,01.03.2008 21:40:00,4,Fokker,"2822,9453,9452,9455",F100#243,F100#243,TLS,NCE
1189255965,01.03.2008 11:20:00,01.03.2008 20:25:00,4,AirbusSmall,"7830,1321,1750,1751",A319#127,A319#127,LYS,CDG
371887690,01.03.2008 11:30:00,01.03.2008 20:50:00,2,BoeingSmall,"7842,7883",B737400#237,B737400#237,TLS,BOD
322757551,01.03.2008 11:35:00,01.03.2008 17:40:00,2,AirbusBig,"2164,2165",A330#68,A330#68,CDG,CDG
259432957,01.03.2008 11:35:00,01.03.2008 17:30:00,2,AirbusSmall,"9493,9494",A319#90,A319#90,CTA,CTA
1169335176,01.03.2008 11:35:00,01.03.2008 20:30:00,2,BoeingBig,"1370,1371",B777#245,B777#245,CDG,CDG
371742564,01.03.2008 11:35:00,01.03.2008 21:20:00,3,BoeingSmall,"4678,9474,9475",B737800#103,B737800#103,FCO,MRS
1512368656,01.03.2008 11:35:00,01.03.2008 20:50:00,3,AirbusSmall,"9426,9421,1928",A321#63,A319#4,CDG,BCN
740176887,01.03.2008 11:40:00,01.03.2008 20:45:00,3,AirbusSmall,"1180,2205,2206",A320#60,A320#60,CDG,MAD
1495203957,01.03.2008 11:40:00,01.03.2008 21:05:00,3,BoeingSmall,"1318,2419,7822",B737900#96,B737800#162,CDG,AMS
1534737996,01.03.2008 11:40:00,01.03.2008 20:15:00,2,AirbusSmall,"1007,2318",A321#251,A321#251,VCE,VIE
375053183,01.03.2008 11:45:00,01.03.2008 19:20:00,3,AirbusSmall,"1602,1603,4690",A320#47,A320#50,CDG,ZRH
973240046,01.03.2008 11:50:00,01.03.2008 20:30:00,4,AirbusSmall,"5482,5478,5487,5405",A320#137,A320#137,PRG,FCO
773559890,01.03.2008 11:50:00,01.03.2008 21:35:00,4,AirbusSmall,"929,1898,1899,7230",A321#164,A321#26,BCN,LYS
857512758,01.03.2008 11:55:00,01.03.2008 20:10:00,4,AirbusSmall,"881,1550,1551,822",A319#190,A319#190,MAD,GVA
2075228198,01.03.2008 11:55:00,01.03.2008 20:20:00,3,AirbusSmall,"1204,1205,1950",A319#39,A319#246,CDG,LHR
673641081,01.03.2008 12:00:00,01.03.2008 21:00:00,4,AirbusSmall,"4684,4685,1820,1821",A320#49,A320#49,CDG,CDG
1062498227,01.03.2008 12:00:00,01.03.2008 21:05:00,3,AirbusSmall,"5794,5799,6922",A320#152,A319#189,ORY,MLH
791771284,01.03.2008 12:05:00,01.03.2008 21:05:00,4,AirbusSmall,"4483,1528,1529,5303",A321#111,A318#33,PRG,RNS
1933466275,01.03.2008 12:15:00,01.03.2008 21:05:00,4,AirbusSmall,"5145,5418,1903,7308",A320#250,A321#131,VCE,NTE
7002189,01.03.2008 12:20:00,01.03.2008 16:30:00,2,AirbusSmall,"9530,9543",A319#101,A319#101,FCO,FCO
1499376137,01.03.2008 12:20:00,01.03.2008 20:05:00,3,AirbusSmall,"7218,5015,7414",A319#211,A319#211,CDG,NCE
771446750,01.03.2008 12:25:00,01.03.2008 21:15:00,4,AirbusSmall,"5419,5401,5400,7229",A319#97,A320#79,MUC,CDG
2113437503,01.03.2008 12:30:00,01.03.2008 21:20:00,4,AirbusSmall,"5299,5292,5720,7371",A319#37,A319#37,CDG,CDG
554673974,01.03.2008 12:30:00,01.03.2008 20:20:00,4,AirbusSmall,"7319,7246,5623,5628",A320#168,A320#168,BES,MRS
1860829608,01.03.2008 12:30:00,01.03.2008 20:35:00,4,CRJ,"5358,5257,5314,5016",CRJ700#227,CRJ700#227,SXB,BIQ
1336815701,01.03.2008 12:30:00,01.03.2008 20:55:00,3,Fokker,"2911,7862,7865",F100#124,F100#124,LIS,MRS
2087460833,01.03.2008 12:30:00,01.03.2008 19:45:00,3,BoeingSmall,"981,4606,4607",B737300#140,B737300#140,MAD,ORY
1409694620,01.03.2008 12:35:00,01.03.2008 20:00:00,4,Fokker,"7396,5337,5334,7388",F100#87,F100#87,LIL,BOD
1169307944,01.03.2008 12:35:00,01.03.2008 19:55:00,4,AirbusSmall,"2873,5483,5484,3058",A319#203,A319#203,MXP,ZRH
452390102,01.03.2008 12:35:00,01.03.2008 20:35:00,3,BAE,"7843,7844,7855",BAE200#171,BAE200#171,AMS,NCE
1903227280,01.03.2008 12:35:00,01.03.2008 17:50:00,2,ERJ,"7863,2910",ERJ145#30,ERJ145#30,AMS,LIS
1695361953,01.03.2008 12:40:00,01.03.2008 19:45:00,4,CRJ,"5348,2726,2723,2724",CRJ100#225,CRJ100#225,SXB,LIL
802144848,01.03.2008 12:45:00,01.03.2008 20:20:00,4,ERJ,"5256,5360,5363,4996",ERJ135#159,ERJ135#159,LIG,MLH
813378042,01.03.2008 12:50:00,01.03.2008 21:00:00,4,BAE,"4917,7509,4910,5344",BAE300#81,BAE300#81,NTE,NTE
61497087,01.03.2008 12:55:00,01.03.2008 20:00:00,4,BAE,"7429,5383,5384,5385",BAE200#2,BAE200#2,TLS,MPL
322530712,01.03.2008 12:55:00,01.03.2008 20:35:00,4,BAE,"5382,4350,4287,4322",BAE300#210,BAE300#210,MPL,BIA
2147395479,01.03.2008 13:00:00,01.03.2008 20:50:00,4,ERJ,"4642,4372,4319,4645",ERJ135#228,ERJ135#228,TLS,TLS
1718824160,01.03.2008 13:00:00,01.03.2008 22:05:00,4,AirbusSmall,"9414,9536,9545,9498",A320#54,A320#54,CDG,CTA
848563345,01.03.2008 13:00:00,01.03.2008 21:05:00,3,AirbusSmall,"5808,5801,5295",A318#23,A318#17,ORY,LIG
1891952063,01.03.2008 13:05:00,01.03.2008 16:20:00,2,ERJ,"7485,7480",ERJ135#118,ERJ135#118,NCE,NCE
1241640015,01.03.2008 13:05:00,01.03.2008 21:50:00,4,AirbusSmall,"6949,5736,5723,4094",A320#112,A320#112,BES,BIA
1330516963,01.03.2008 13:10:00,01.03.2008 20:05:00,4,AirbusSmall,"5856,5847,7132,7133",A319#145,A319#145,ORY,ORY
1139745998,01.03.2008 13:10:00,01.03.2008 21:35:00,4,AirbusSmall,"1185,1650,1651,1994",A320#139,A320#139,FCO,MXP
1891923667,01.03.2008 13:10:00,01.03.2008 21:05:00,3,AirbusSmall,"1280,1281,2868",A320#8,A318#174,CDG,MLH
1433799473,01.03.2008 13:10:00,01.03.2008 21:15:00,2,AirbusBig,"1525,1970",A330#217,A340#72,SVO,IST
696936625,01.03.2008 13:15:00,01.03.2008 20:45:00,3,AirbusSmall,"1328,1329,7372",A320#56,A321#61,CDG,TLS
604641600,01.03.2008 13:20:00,01.03.2008 21:30:00,5,AirbusSmall,"5704,5711,5293,5294,6954",A318#17,A321#198,ORY,BES
588895085,01.03.2008 13:20:00,01.03.2008 21:05:00,3,ERJ,"2725,5345,5037",ERJ145#143,ERJ145#143,LIL,BOD
1662778767,01.03.2008 13:30:00,01.03.2008 21:15:00,4,AirbusSmall,"5609,7068,7071,5854",A318#24,A318#24,MRS,BOD
805107308,01.03.2008 13:30:00,01.03.2008 20:35:00,4,Fokker,"5343,4895,4894,5177",F100#85,F100#85,NTE,TLS
1231761861,01.03.2008 13:30:00,01.03.2008 22:25:00,4,AirbusSmall,"7817,2122,2123,9424",A319#100,A319#100,AMS,FCO
2118702727,01.03.2008 13:30:00,01.03.2008 20:50:00,4,CRJ,"2737,4643,4644,4284",CRJ700#134,CRJ700#134,CFE,AJA
461272858,01.03.2008 13:35:00,01.03.2008 21:05:00,4,AirbusSmall,"5606,5619,6950,6953",A319#20,A319#20,ORY,ORY
636177596,01.03.2008 13:35:00,01.03.2008 21:05:00,4,ERJ,"5062,5063,5064,5065",ERJ145#83,ERJ145#83,SXB,SXB
63803127,01.03.2008 13:35:00,01.03.2008 17:15:00,2,AirbusSmall,"7307,7310",A321#236,A321#236,NTE,NTE
336812851,01.03.2008 13:35:00,01.03.2008 20:40:00,4,AirbusSmall,"6891,5710,5719,7020",A320#141,A320#141,SXB,CFE
364679294,01.03.2008 13:35:00,01.03.2008 20:15:00,3,AirbusSmall,"7040,7033,6906",A318#32,A319#150,ORY,SXB
182621155,01.03.2008 13:40:00,01.03.2008 21:05:00,4,ERJ,"7430,7431,7451,7446",ERJ135#18,ERJ135#18,LYS,LYS
705177999,01.03.2008 13:45:00,01.03.2008 21:15:00,3,Fokker,"4367,7384,5059",F100#86,F100#86,BIA,SXB
379526949,01.03.2008 13:45:00,01.03.2008 20:40:00,3,AirbusSmall,"9504,9511,9345",A320#48,A319#95,MXP,LYS
881177350,01.03.2008 13:45:00,01.03.2008 20:45:00,3,AirbusSmall,"9490,9499,1685",A320#59,A320#59,FCO,CDG
507774820,01.03.2008 13:50:00,01.03.2008 21:45:00,4,AirbusSmall,"5706,5715,7064,7075",A319#186,A319#186,ORY,ORY
1537375522,01.03.2008 13:50:00,01.03.2008 20:55:00,4,ERJ,"4285,2738,2802,2801",ERJ135#178,ERJ135#178,AJA,CFE
2045654981,01.03.2008 13:55:00,01.03.2008 21:30:00,4,AirbusSmall,"6919,5802,5809,7138",A320#167,A320#167,MLH,MPL
796407000,01.03.2008 14:00:00,01.03.2008 19:45:00,3,AirbusSmall,"5798,5819,6992",A320#193,A319#188,ORY,LYS
1784849258,01.03.2008 14:00:00,01.03.2008 19:40:00,2,BoeingSmall,"9387,9420",B737300#169,B737300#169,MXP,FCO
459037882,01.03.2008 14:00:00,01.03.2008 16:10:00,1,BoeingSmall,2949,B737800#122,B737800#122,LIS,TLS
598441036,01.03.2008 14:05:00,01.03.2008 21:10:00,3,ERJ,"2858,5036,4334",ERJ145#173,ERJ145#173,SXB,BIA
1214522012,01.03.2008 14:05:00,01.03.2008 20:00:00,3,AirbusSmall,"5845,5716,5725",A320#209,A320#209,BOD,ORY
155496382,01.03.2008 14:10:00,01.03.2008 20:30:00,4,CRJ,"5046,4883,2852,2853",CRJ100#226,CRJ100#226,SXB,NTE
1701420279,01.03.2008 14:10:00,01.03.2008 19:50:00,3,AirbusSmall,"5707,7036,7041",A321#224,A321#224,TLS,ORY
1092110635,01.03.2008 14:10:00,01.03.2008 19:35:00,3,AirbusSmall,"5842,5849,5850",A319#231,A319#231,ORY,BOD
935107296,01.03.2008 14:10:00,01.03.2008 21:20:00,2,AirbusSmall,"7351,7210",A319#175,A319#175,SXB,BOD
1218841834,01.03.2008 14:15:00,01.03.2008 21:40:00,4,AirbusSmall,"7130,7131,6920,6925",A321#197,A321#197,ORY,ORY
2129055797,01.03.2008 14:15:00,01.03.2008 21:05:00,4,Fokker,"2717,2704,5353,5359",F100#119,F100#119,LIL,RNS
159794822,01.03.2008 14:15:00,01.03.2008 21:20:00,3,AirbusSmall,"4589,1628,1629",A320#161,A320#161,DUB,CDG
2036394470,01.03.2008 14:15:00,01.03.2008 20:30:00,3,CRJ,"5174,5035,7389",CRJ700#241,CRJ700#241,TLS,LYS
251186321,01.03.2008 14:20:00,01.03.2008 22:00:00,5,ERJ,"5375,5253,5233,5232,5252",ERJ135#242,ERJ135#242,MRS,BES
1372239857,01.03.2008 14:20:00,01.03.2008 20:50:00,4,Fokker,"2855,2741,2696,5019",F100#19,F100#19,MPL,LYS
1162952234,01.03.2008 14:20:00,01.03.2008 21:40:00,4,AirbusSmall,"7129,5726,5727,7074",A319#149,A319#149,MPL,BIQ
1319126818,01.03.2008 14:20:00,01.03.2008 20:55:00,3,AirbusSmall,"5734,5737,6894",A319#166,A320#192,ORY,SXB
455992310,01.03.2008 14:20:00,01.03.2008 20:45:00,3,AirbusSmall,"5473,5472,5462",A319#163,A321#106,LYS,FRA
1709706839,01.03.2008 14:25:00,01.03.2008 21:20:00,4,CRJ,"2690,5057,5058,2716",CRJ700#22,CRJ700#22,RNS,LIL
436072195,01.03.2008 14:25:00,01.03.2008 20:55:00,4,CRJ,"5355,4974,2769,2766",CRJ100#82,CRJ100#82,LYS,CFE
329192103,01.03.2008 14:25:00,01.03.2008 20:05:00,3,AirbusSmall,"7236,7237,7292",A320#153,A320#146,CDG,NCE
2022406920,01.03.2008 14:25:00,01.03.2008 21:50:00,3,AirbusSmall,"1698,1699,2006",A320#138,A319#38,CDG,VCE
359906493,01.03.2008 14:25:00,01.03.2008 21:35:00,3,AirbusSmall,"1506,1507,2418",A319#249,A318#34,CDG,VIE
932725007,01.03.2008 14:30:00,01.03.2008 20:40:00,4,BAE,"4936,4935,4938,4937",BAE200#13,BAE200#13,SXB,SXB
1036349728,01.03.2008 14:30:00,01.03.2008 20:30:00,2,BoeingSmall,"1380,1481",B737400#64,B737400#64,CDG,CDG
1977504888,01.03.2008 14:30:00,01.03.2008 21:40:00,2,BoeingBig,"1476,1477",B747#75,B747#75,CDG,CDG
1048776017,01.03.2008 14:30:00,01.03.2008 20:40:00,3,AirbusSmall,"9425,622,623",A320#102,A320#102,FCO,CDG
810178100,01.03.2008 14:30:00,01.03.2008 21:30:00,3,AirbusSmall,"1723,1580,1581",A319#126,A319#126,GVA,CDG
789341451,01.03.2008 14:30:00,01.03.2008 21:35:00,3,AirbusSmall,"2204,1381,7238",A320#129,A320#223,ORY,CFE
1207746946,01.03.2008 14:30:00,01.03.2008 21:35:00,3,AirbusSmall,"1620,1621,4588",A319#246,A319#249,CDG,DUB
659767626,01.03.2008 14:35:00,01.03.2008 20:45:00,3,AirbusSmall,"1902,5411,3010",A320#7,A320#7,CDG,VIE
16322739,01.03.2008 14:35:00,01.03.2008 19:15:00,3,CRJ,"5034,5047,5048",CRJ100#27,CRJ100#27,BOD,MRS
187485474,01.03.2008 14:35:00,01.03.2008 21:00:00,3,AirbusSmall,"1181,1998,1999",A319#99,A319#99,MAD,CDG
1646145112,01.03.2008 14:35:00,01.03.2008 20:50:00,3,AirbusSmall,"7149,5618,5633",A321#147,A321#147,AJA,ORY
1291534873,01.03.2008 14:35:00,01.03.2008 21:10:00,3,AirbusSmall,"1786,1787,7350",A319#4,A319#165,CDG,SXB
1779614625,01.03.2008 14:35:00,01.03.2008 20:15:00,3,AirbusSmall,"5454,5459,5474",A320#105,A320#105,LYS,BCN
1914605551,01.03.2008 14:40:00,01.03.2008 20:45:00,4,BAE,"5231,5230,2707,2706",BAE200#115,BAE200#115,NTE,NTE
1842724251,01.03.2008 14:40:00,01.03.2008 17:25:00,2,BAE,"5322,5323",BAE300#117,BAE300#117,RNS,RNS
1736902158,01.03.2008 14:40:00,01.03.2008 18:15:00,2,BoeingSmall,"4686,4687",B737800#162,B737800#162,CDG,CDG
330066000,01.03.2008 14:40:00,01.03.2008 21:10:00,4,BAE,"2705,2861,4903,4902",BAE300#113,BAE300#113,NTE,MLH
1619930772,01.03.2008 14:40:00,01.03.2008 21:40:00,4,AirbusSmall,"5709,7018,7019,7038",A321#154,A321#154,TLS,PUF
2134161410,01.03.2008 14:40:00,01.03.2008 21:50:00,3,AirbusSmall,"7286,5813,5826",A320#12,A320#12,CDG,NCE
1984664671,01.03.2008 14:40:00,01.03.2008 19:50:00,3,AirbusSmall,"6956,6955,5624",A321#199,A321#199,ORY,MRS
387995560,01.03.2008 14:40:00,01.03.2008 20:45:00,3,AirbusSmall,"9343,9344,9397",A319#95,A320#48,MXP,CDG
557410749,01.03.2008 14:45:00,01.03.2008 20:05:00,3,ERJ,"7395,7394,7424",ERJ145#215,ERJ145#215,LYS,TLS
487868817,01.03.2008 14:45:00,01.03.2008 21:15:00,3,AirbusSmall,"4482,4485,7312",A318#34,A320#142,CDG,BES
1615964618,01.03.2008 14:45:00,01.03.2008 20:35:00,3,AirbusSmall,"7318,7313,598",A321#62,A320#138,CDG,FRA
991154606,01.03.2008 14:45:00,01.03.2008 20:35:00,3,AirbusSmall,"5142,5143,5458",A321#106,A319#163,LYS,DUS
2023964967,01.03.2008 14:50:00,01.03.2008 19:05:00,2,AirbusSmall,"4096,4097",A319#187,A319#187,ORY,ORY
998445701,01.03.2008 14:50:00,01.03.2008 20:10:00,3,CRJ,"7447,7444,7397",CRJ700#132,CRJ700#132,LYS,LIL
200550235,01.03.2008 14:55:00,01.03.2008 20:15:00,3,AirbusSmall,"1499,1720,1721",A319#5,A319#5,FRA,CDG
1908309513,01.03.2008 14:55:00,01.03.2008 21:10:00,3,AirbusSmall,"5302,7358,7359",A321#80,A321#80,RNS,CDG
950415411,01.03.2008 15:00:00,01.03.2008 21:20:00,3,AirbusSmall,"7367,7206,7213",A321#114,A321#114,TLS,CDG
844720900,01.03.2008 15:00:00,01.03.2008 21:30:00,3,AirbusSmall,"1295,2102,2103",A321#121,A321#121,MXP,CDG
1934363912,01.03.2008 15:00:00,01.03.2008 21:25:00,3,AirbusSmall,"2319,1850,1851",A319#248,A319#248,VIE,CDG
2091300775,01.03.2008 15:00:00,01.03.2008 20:45:00,3,AirbusSmall,"5800,5807,6937",A319#150,A319#187,ORY,RNS
497728889,01.03.2008 15:00:00,01.03.2008 20:00:00,3,AirbusSmall,"6996,6991,5724",A321#198,A319#166,ORY,TLS
551002277,01.03.2008 15:00:00,01.03.2008 21:35:00,3,AirbusSmall,"1798,1799,7354",A319#41,A321#62,CDG,PUF
673195156,01.03.2008 15:00:00,01.03.2008 21:50:00,3,AirbusSmall,"1594,1595,7216",A320#51,A320#153,CDG,BIQ
1464848243,01.03.2008 15:00:00,01.03.2008 20:50:00,3,BAE,"7422,7423,5377",BAE300#3,BAE300#3,LYS,BES
2064114621,01.03.2008 15:00:00,01.03.2008 21:00:00,3,AirbusSmall,"2022,2023,702",A320#57,A320#57,CDG,MUC
1988519473,01.03.2008 15:00:00,01.03.2008 21:30:00,3,AirbusSmall,"7366,7369,4484",A319#165,A319#41,CDG,PRG
1822840672,01.03.2008 15:05:00,01.03.2008 21:40:00,3,AirbusSmall,"3056,3057,3032",A320#206,A320#206,LYS,LIS
2018479997,01.03.2008 15:05:00,01.03.2008 18:45:00,1,AirbusBig,2124,A340#73,A340#73,CDG,SVO
1452224679,01.03.2008 15:10:00,01.03.2008 20:30:00,3,AirbusSmall,"6904,6897,5852",A319#188,A321#200,ORY,BOD
738370743,01.03.2008 15:10:00,01.03.2008 20:20:00,3,AirbusSmall,"5844,5851,5810",A320#191,A320#191,ORY,NCE
603445893,01.03.2008 15:10:00,01.03.2008 20:10:00,2,CRJ,"7854,7845",CRJ700#67,CRJ700#67,NCE,TLS
27221575,01.03.2008 15:15:00,01.03.2008 18:40:00,2,AirbusSmall,"7124,7137",A321#200,A321#200,ORY,ORY
1617046705,01.03.2008 15:15:00,01.03.2008 21:00:00,3,AirbusSmall,"4594,4702,4701",A318#35,A318#35,CDG,DUB
1844137836,01.03.2008 15:15:00,01.03.2008 20:05:00,2,Fokker,"4487,1884",F100#10,F100#10,PRG,FCO
502765167,01.03.2008 15:15:00,01.03.2008 21:20:00,2,AirbusSmall,"1618,3015",A320#98,A320#98,CDG,LYS
1255410251,01.03.2008 15:15:00,01.03.2008 20:50:00,2,AirbusSmall,"1684,9541",A320#204,A320#204,CDG,PMO
1178395817,01.03.2008 15:20:00,01.03.2008 19:00:00,2,AirbusSmall,"7247,7248",A320#21,A320#21,MRS,MRS
1056745520,01.03.2008 15:20:00,01.03.2008 20:20:00,3,AirbusSmall,"7069,6892,6905",A321#25,A321#25,BIQ,ORY
1270414584,01.03.2008 15:30:00,01.03.2008 20:20:00,3,Fokker,"7226,7428,7425",F100#230,F100#230,CDG,LYS
829509616,01.03.2008 15:30:00,01.03.2008 20:35:00,3,AirbusSmall,"5617,5848,5855",A319#233,A319#233,MRS,ORY
1827753950,01.03.2008 15:30:00,01.03.2008 21:30:00,2,AirbusSmall,"1480,2201",A318#36,A318#36,CDG,ORY
976677273,01.03.2008 15:30:00,01.03.2008 20:20:00,2,CRJ,"5342,4967",CRJ700#158,CRJ700#158,MRS,CFE
929260956,01.03.2008 15:35:00,01.03.2008 21:55:00,3,AirbusSmall,"5612,5625,4084",A319#185,A319#185,ORY,AJA
205150351,01.03.2008 15:40:00,01.03.2008 21:15:00,3,ERJ,"2756,2847,4911",ERJ135#177,ERJ135#177,MLH,LIL
1366447162,01.03.2008 15:40:00,01.03.2008 21:15:00,3,AirbusSmall,"7818,7821,7264",A319#38,A320#46,CDG,MPL
764807854,01.03.2008 15:45:00,01.03.2008 20:55:00,3,AirbusSmall,"2866,2867,586",A318#33,A320#51,CDG,DUS
1361536777,01.03.2008 15:50:00,01.03.2008 21:00:00,3,AirbusSmall,"5712,5721,5728",A318#183,A318#183,ORY,TLS
1763330361,01.03.2008 15:55:00,01.03.2008 19:10:00,2,AirbusSmall,"7225,7228",A320#79,A320#79,LYS,LYS
1130118952,01.03.2008 16:00:00,01.03.2008 23:10:00,2,AirbusBig,"2077,1276",A340#16,A340#16,CMN,CMN
1242229500,01.03.2008 16:00:00,01.03.2008 20:35:00,2,AirbusSmall,"3033,5410",A320#120,A320#120,LIS,MUC
1665563552,01.03.2008 16:10:00,01.03.2008 19:35:00,2,Fokker,"9465,9466",F100#104,F100#104,FCO,FCO
1264780900,01.03.2008 16:10:00,01.03.2008 19:25:00,2,BAE,"2814,2815",BAE300#155,BAE300#155,BOD,BOD
2042022930,01.03.2008 16:10:00,01.03.2008 19:15:00,2,AirbusSmall,"5846,5853",A319#189,A319#189,ORY,ORY
1657007234,01.03.2008 16:10:00,01.03.2008 18:50:00,2,Fokker,"2746,2747",F100#181,F100#181,MXP,NTE
1399452109,01.03.2008 16:10:00,01.03.2008 22:05:00,2,AirbusSmall,"9551,9508",A320#92,A320#92,PMO,CTA
948048695,01.03.2008 16:20:00,01.03.2008 20:55:00,2,BoeingSmall,"2002,2003",B737900#65,B737900#65,CDG,CDG
1471885787,01.03.2008 16:20:00,01.03.2008 19:15:00,2,AirbusSmall,"6918,6923",A320#192,A320#192,ORY,ORY
1604586308,01.03.2008 16:20:00,01.03.2008 21:30:00,3,AirbusSmall,"6895,5818,5821",A320#222,A320#222,SXB,ORY
2130037697,01.03.2008 16:20:00,01.03.2008 19:45:00,2,AirbusSmall,"3013,2876",A320#9,A320#9,VIE,MXP
177603034,01.03.2008 16:25:00,01.03.2008 19:20:00,2,AirbusSmall,"6890,6899",A319#234,A319#234,ORY,ORY
1510834170,01.03.2008 16:30:00,01.03.2008 20:00:00,2,AirbusSmall,"5806,5827",A320#194,A320#194,ORY,ORY
420943911,01.03.2008 16:30:00,01.03.2008 21:55:00,3,AirbusSmall,"7346,7347,7370",A321#26,A320#151,CDG,TLS
343359489,01.03.2008 16:30:00,01.03.2008 20:10:00,2,ERJ,"5009,7449",ERJ145#144,ERJ145#144,PUF,NTE
1095394276,01.03.2008 16:35:00,01.03.2008 19:50:00,2,AirbusSmall,"5616,5629",A320#195,A320#195,ORY,ORY
1221581957,01.03.2008 16:35:00,01.03.2008 20:05:00,2,AirbusSmall,"4688,4689",A320#205,A320#205,CDG,CDG
2138614433,01.03.2008 16:35:00,01.03.2008 21:55:00,2,AirbusSmall,"9388,9548",A319#42,A319#42,CDG,PMO
1015490648,01.03.2008 16:50:00,01.03.2008 19:35:00,2,Fokker,"5376,4986",F100#14,F100#14,BES,CFE
1661516681,01.03.2008 16:55:00,01.03.2008 20:05:00,2,ERJ,"7387,5362",ERJ135#29,ERJ135#29,BOD,SXB
1684395383,01.03.2008 16:55:00,01.03.2008 20:40:00,2,CRJ,"4985,5335",CRJ100#213,CRJ100#213,CFE,RNS
1627652871,01.03.2008 17:00:00,01.03.2008 20:30:00,2,AirbusSmall,"5816,5811",A320#196,A320#196,ORY,ORY
580634010,01.03.2008 17:05:00,01.03.2008 21:30:00,2,AirbusSmall,"1806,1807",A318#125,A318#125,CDG,CDG
2117659661,01.03.2008 17:05:00,01.03.2008 20:40:00,2,BAE,"4995,5000",BAE200#148,BAE200#148,MLH,PUF
553945085,01.03.2008 17:10:00,01.03.2008 18:20:00,1,AirbusSmall,9538,A319#101,A319#101,FCO,PMO
1013966036,01.03.2008 17:15:00,01.03.2008 21:30:00,2,AirbusSmall,"2062,2063",A320#53,A320#53,CDG,CDG
1950149415,01.03.2008 17:20:00,01.03.2008 20:55:00,2,BAE,"4918,4919",BAE200#170,BAE200#170,NCE,NCE
2036656958,01.03.2008 17:20:00,01.03.2008 21:00:00,2,AirbusSmall,"5718,5729",A318#184,A318#184,ORY,ORY
1104652174,01.03.2008 17:20:00,01.03.2008 20:50:00,2,AirbusSmall,"6936,5630",A319#11,A319#11,RNS,MRS
851798568,01.03.2008 17:20:00,01.03.2008 20:15:00,2,ERJ,"7415,5315",ERJ135#118,ERJ135#118,NCE,LIG
670436716,01.03.2008 17:25:00,01.03.2008 21:25:00,2,AirbusSmall,"1794,1795",A320#52,A320#52,CDG,CDG
2089359061,01.03.2008 17:25:00,01.03.2008 21:25:00,2,AirbusSmall,"7288,7289",A318#208,A318#208,CDG,CDG
246962075,01.03.2008 17:25:00,01.03.2008 20:25:00,2,CRJ,"5088,5176",CRJ700#133,CRJ700#133,LIL,MRS
700636784,01.03.2008 17:25:00,01.03.2008 21:00:00,2,AirbusSmall,"7368,5089",A319#232,A319#232,CDG,LIL
385065937,01.03.2008 17:30:00,01.03.2008 20:50:00,2,AirbusSmall,"1986,1987",A319#45,A319#45,CDG,CDG
191468754,01.03.2008 17:30:00,01.03.2008 19:50:00,2,ERJ,"2839,2838",ERJ145#136,ERJ145#136,CFE,CFE
921209318,01.03.2008 17:35:00,01.03.2008 21:20:00,2,AirbusSmall,"5620,7251",A318#23,A320#21,ORY,CDG
2026928803,01.03.2008 17:40:00,01.03.2008 21:20:00,2,AirbusSmall,"4085,5812",A320#1,A320#1,AJA,NCE
1003685698,01.03.2008 17:40:00,01.03.2008 20:55:00,2,CRJ,"4977,5352",CRJ700#135,CRJ700#135,CFE,NTE
160225133,01.03.2008 17:45:00,01.03.2008 21:30:00,2,AirbusSmall,"7266,7265",A319#40,A319#40,CDG,CDG
519312244,01.03.2008 17:45:00,01.03.2008 19:30:00,1,AirbusSmall,1728,A320#47,A320#47,CDG,BCN
506792090,01.03.2008 17:50:00,01.03.2008 19:45:00,1,CRJ,4590,CRJ100#66,CRJ100#66,CDG,DUB
941325862,01.03.2008 17:55:00,01.03.2008 20:45:00,2,AirbusSmall,"4608,4609",A318#182,A318#182,ORY,ORY
982340172,01.03.2008 17:55:00,01.03.2008 21:05:00,2,BAE,"5366,5370",BAE300#117,BAE300#117,RNS,LYS
1412011072,01.03.2008 18:00:00,01.03.2008 21:55:00,2,ERJ,"4525,4528",ERJ135#207,ERJ135#207,PRG,BCN
1226147395,01.03.2008 18:00:00,01.03.2008 21:00:00,2,BAE,"2715,2689",BAE300#176,BAE300#176,LIL,RNS
1524949212,01.03.2008 18:00:00,01.03.2008 21:05:00,2,Fokker,"4337,5049",F100#216,F100#216,BIA,SXB
1543230538,01.03.2008 18:00:00,01.03.2008 21:45:00,2,AirbusSmall,"7311,7250",A321#236,A321#236,NTE,MRS
1709944646,01.03.2008 18:00:00,01.03.2008 19:45:00,1,AirbusSmall,4486,A320#55,A320#55,CDG,PRG
1041722772,01.03.2008 18:05:00,01.03.2008 21:00:00,2,BAE,"4305,4300",BAE200#239,BAE200#239,AJA,AJA
1740234098,01.03.2008 18:05:00,01.03.2008 22:20:00,1,BoeingBig,2525,B747#218,B747#218,SVO,CDG
1490379973,01.03.2008 18:10:00,01.03.2008 22:20:00,2,AirbusSmall,"2988,2989",A319#43,A319#43,LYS,LYS
1315760903,01.03.2008 18:10:00,01.03.2008 20:55:00,2,CRJ,"5324,5325",CRJ100#214,CRJ100#214,RNS,RNS
1713579631,01.03.2008 18:10:00,01.03.2008 19:50:00,1,AirbusSmall,7839,A320#6,A320#6,AMS,LYS
1456392428,01.03.2008 18:10:00,01.03.2008 20:15:00,1,AirbusSmall,1680,A320#91,A320#91,CDG,MAD
1336974084,01.03.2008 18:15:00,01.03.2008 19:30:00,1,AirbusSmall,7134,A320#193,A320#193,ORY,MPL
683759645,01.03.2008 18:20:00,01.03.2008 22:30:00,2,AirbusSmall,"9435,9427",A319#44,A319#44,CTA,CDG
262918833,01.03.2008 18:20:00,01.03.2008 19:30:00,1,AirbusSmall,5722,A318#32,A318#32,ORY,TLS
1075466215,01.03.2008 18:40:00,01.03.2008 21:15:00,1,BoeingBig,865,B747#244,B747#244,TUN,CDG
829226643,01.03.2008 18:50:00,01.03.2008 21:20:00,1,AirbusSmall,1704,A320#56,A320#56,CDG,LIS
1769310635,01.03.2008 18:55:00,01.03.2008 21:00:00,1,AirbusSmall,1619,A318#247,A318#247,VIE,CDG
1539174560,01.03.2008 19:00:00,01.03.2008 21:05:00,1,AirbusSmall,1880,A320#8,A320#8,CDG,MAD
334167837,01.03.2008 19:10:00,01.03.2008 21:15:00,1,AirbusSmall,9422,A321#63,A321#63,CDG,FCO
1120418230,01.03.2008 19:15:00,01.03.2008 21:10:00,1,AirbusSmall,4593,A318#94,A318#94,DUB,CDG
1472639243,01.03.2008 20:15:00,01.03.2008 22:45:00,1,BoeingBig,1264,B777#220,B777#220,CDG,TUN
